id;city;title;kinds;category_kind;description;opening_hours;source;auto_environment;auto_confidence;auto_reason;review_priority;manual_environment
kudago:7989;Казань;Александровский пассаж;attractions,sights;location;Настоящее архитектурное чудо Казани конца XIX века — Александровский пассаж — потрясает своим внешним убранством.;;kudago;unknown;0.0;no reliable signal;0;mixed
kudago:4156;Казань;Апанаевская мечеть;attractions;location;Мечеть, получившая своё название в честь содержавших её в XVIII веке купцов Апанаевых, является одним из старейших культовых сооружений города.;ежедневно 7:30–20:00;kudago;unknown;0.0;no reliable signal;0;mixed
kudago:7688;Казань;Башня Сююмбике;attractions,sights;location;Знаменитая в Татарстане башня несколько сотен лет клонится к земле и не падает.;ежедневно весь день;kudago;unknown;0.0;no reliable signal;0;mixed
kudago:33893;Казань;Болгар;amusement,attractions,sights;location;Болгар — идеальное направление для тех, кто интересуется историей и любит проводить время на природе. Рассказываем, чем заняться в этом древнем городе, который часто называют «северной Меккой».;;kudago;unknown;0.0;no reliable signal;0;outdoor
kudago:8384;Казань;Варваринская церковь;attractions,sights,temple,church;location;Церковь была построена в период 1779-1780 годов на месте загородного дома губернатора Кудрявцева.;;kudago;unknown;0.0;no reliable signal;0;mixed
kudago:8133;Казань;Государственный Большой концертный зал имени Сайдашева;concert-hall;museum;Главная концертная сцена столицы Татарстана является ведущим центром музыкальной жизни Казани.;ежедневно 10:00–19:00;kudago;unknown;0.0;no reliable signal;0;indoor
kudago:22952;Казань;Дом Ушковой;library,attractions;location;Здание, в котором сейчас находится национальная библиотека Татарстана, имеет богатую историю — когда-то оно принадлежало чете Ушковых, Алексею и Зинаиде.;;kudago;unknown;0.0;no reliable signal;0;indoor
kudago:8918;Казань;Закабанная мечеть;attractions;location;Построена мечеть в честь тысячелетия принятия ислама на территории Поволжья.;;kudago;unknown;0.0;no reliable signal;0;mixed
kudago:8002;Казань;Казанская ратуша;attractions,sights;location;Белоснежного цвета особняк был возведён в центре Казани специально для Дворянского собрания.;;kudago;unknown;0.0;no reliable signal;0;mixed
kudago:22953;Казань;Мергасовский дом;attractions;location;Здание, которое горожане теперь используют для тематических фотосессий, а власти постоянно пытаются снести, вообще-то является архитектурным шедевром своего времени.;;kudago;unknown;0.0;no reliable signal;0;outdoor
kudago:8752;Казань;Скамейка влюблённых;attractions;location;Скамейка влюблённых в парке на Петербургской улице — интересный арт-объект, совместивший эстетические и практические функции.;;kudago;unknown;0.0;no reliable signal;0;outdoor
kudago:8100;Казань;Спасская башня Казанского Кремля;attractions,sights;location;Башня является памятником древнерусского оборонительного зодчества, возведена она в XVI веке одновременно со стенами Кремля.;;kudago;unknown;0.0;no reliable signal;0;outdoor
kudago:7698;Казань;Старо–татарская слобода;attractions;location;Исторический комплекс достопримечательностей располагается между казанским озером Нижний Кабан и проточным каналом Булак.;;kudago;unknown;0.0;no reliable signal;0;outdoor
kudago:8163;Казань;Стела Универсиады 2013;attractions,sights;location;В 2013 году впервые за 40 лет Россия приняла Универсиаду — международные спортивные состязания студентов. В честь этого события на Оренбургском тракте появился разноцветный символ Универсиады-2013.;;kudago;unknown;0.0;no reliable signal;0;outdoor
kudago:7948;Казань;Храм всех религий;attractions,sights,temple;location;Уникальный архитектурный памятник и последнее произведение художника-гуманиста.;ежедневно 9:00–18:00;kudago;unknown;0.0;no reliable signal;0;mixed
kudago:7705;Казань;Юбилейная арка;park,attractions;walk;Памятник архитектуры, сооруженный в 1888 году, сейчас входит в состав целого паркового ансамбля.;;kudago;unknown;0.0;no reliable signal;0;outdoor
kudago:8381;Казань;водный канал «Булак»;attractions;location;Небольшая речка отделяет верхнюю часть города Казани от нижней, ее название произошло от татарского слова «болак».;;kudago;unknown;0.0;no reliable signal;0;outdoor
kudago:21892;Казань;дендрарий;park,attractions;walk;История заповедника началась в 1921 году. Сейчас это хорошо развитый дендрарий с множеством растений различного вида и типа.;вт–вс 10:00–17:00;kudago;unknown;0.0;no reliable signal;0;outdoor
kudago:8196;Казань;дом Шамсутдинова;attractions;location;Двухэтажное здание в историческом центре Казани построено в 1898 году по заказу местного мещанина Шакирзяна Шамсутдинова.;;kudago;unknown;0.0;no reliable signal;0;outdoor
kudago:4155;Казань;мечеть Кул Шариф;attractions;location;Главная мечеть республики Татарстан, которая находится на территории Казанского Кремля.;;kudago;unknown;0.0;no reliable signal;0;mixed
kudago:17415;Казань;татарская филармония имени Габдуллы Тукая;concert-hall;museum;Главная концертная площадка республики.;ежедневно 10:00–19:00;kudago;unknown;0.0;no reliable signal;0;indoor
kudago:34667;Казань;творческая лаборатория «Угол»;sights,theatre;museum;Современные театральные постановки, перформасны с участием горожан, увлекательные лекции по искусству — всё это в творческой лаборатории «Угол».;;kudago;unknown;0.0;no reliable signal;0;indoor
kudago:7693;Казань;улица Баумана;attractions,sights;location;Одна из красивейших улиц Казани, которую многие сравнивают с московским Арбатом.;;kudago;unknown;0.0;no reliable signal;0;outdoor
kudago:7710;Казань;улица Карла Маркса;attractions,sights;location;Одна из старейших улиц Казани названа в честь немецкого политического деятеля, экономиста и философа Карла Маркса, в период празднования его столетия.;;kudago;unknown;0.0;no reliable signal;0;outdoor
kudago:7925;Казань;улица Петербургская;attractions,sights;location;Эта улица является логическим продолжением пешеходной улицы Баумана, в советские времена она носила имя революционера Свердлова, сегодня это улица Петербургская.;;kudago;unknown;0.0;no reliable signal;0;outdoor
kudago:36164;Казань;центр ремёсел Абый&Сабый;amusement,kids,sights,workshops,education-centers;location;В самом сердце города, в Казанском кремле, находится творческое пространство, где можно познакомиться с традиционными ремёслами. Для гостей проводят увлекательные мастер-классы и театрализованные экскурсии, на которых будет интересно и детям, и взрослым.;;kudago;unknown;0.0;no reliable signal;0;indoor
kudago:7982;Казань;центр семьи «Казан»;palace,attractions;location;Лето 2013 года ознаменовалось многими значимыми событиями для Казани, одно из которых — открытие нового дворца бракосочетания, аналогов которому нет в мире.;вт–сб 8:00–17:00;kudago;unknown;0.0;no reliable signal;0;mixed
kudago:34752;Казань;экстрим-парк «УРАМ»;kids,park,art-space;museum;В экстрим-парке «УРАМ» объединились спорт и творчество. Здесь можно кататься на скейтборде и танцевать, заниматься паркуром и слушать лекции об искусстве, учить новые трюки на велосипеде и заниматься музыкой.;ежедневно 10:00–22:00;kudago;unknown;0.0;no reliable signal;0;outdoor
kudago:270;Москва;Аптекарский огород;park,attractions;walk;Розовый лёд, черепахи, магнолия, ананасы — и всё это в центре города.;пн–вс 10:00–19:00;kudago;unknown;0.0;no reliable signal;0;outdoor
kudago:10673;Москва;Воробьёвы горы;park,attractions,sights;walk;Место, где бывал Шаляпин, где смотрел на зеркальную фабрику Пётр I, где начинался первый водопровод, где находится главный университет России. Место, которое существует уже 150 000 000 лет.;ежедневно весь день;kudago;unknown;0.0;no reliable signal;0;outdoor
kudago:4922;Москва;Генератор Аркадьева-Маркса или «Катушка Тесла»;photo-places,attractions,sights;location;Место, в котором рождаются искусственные молнии и облака.;;kudago;unknown;0.0;no reliable signal;0;outdoor
kudago:38;Москва;Дизайн завод;art-centers,attractions,sights;museum;Креативный кластер вырос в целый район благодаря постоянному взаимодействию с горожанами, созданию живого творческого сообщества и внимательному выбору резидентов.;ежедневно весь день;kudago;unknown;0.0;no reliable signal;0;mixed
kudago:6409;Москва;Источник Преподобного Сергия Радонежского;attractions,sights;location;Для православных паломников Гремячий ключ — свидетельство чудотворной силы одного из самых чтимых на Руси святых. Для светских туристов и любителей природы — изменчивая в своём облике и характере достопримечательность Подмосковья, источник неизменно чистой воды. А вокруг — плоды труда, вдохновлённого верой.;;kudago;unknown;0.0;no reliable signal;0;outdoor
kudago:7896;Москва;Лопатинский рудник;photo-places,attractions,sights;location;В Воскресенском районе, в окрестностях посёлка Фосфоритный располагается одно из самых необычных и экзотических мест Подмосковья — Лопатинский рудник.;;kudago;unknown;0.0;no reliable signal;0;outdoor
kudago:851;Москва;Останкинская телебашня;attractions,sights;location;Останкинская телебашня — одна из главных достопримечательностей Москвы и символ отечественного телерадиовещания. Здесь проводят экскурсии с подъёмом на высоту более трёхсот метров, а уникальный мультимедийный комплекс знакомит посетителей с устройством этого удивительного сооружения.;ежедневно 9:00–21:00;kudago;unknown;0.0;no reliable signal;0;outdoor
kudago:4439;Москва;Патриаршие пруды;attractions;location;Здесь всё дышит мистикой, загадкой и стариной. Именно здесь повстречались несчастные Берлиоз, Бездомный и легендарный Воланд. Знаете, как почувствовать дух старой Москвы?;;kudago;unknown;0.0;no reliable signal;0;outdoor
kudago:37;Москва;Серебряный бор;park,attractions;walk;Место с красивой легендой в названии, загадочной историей происхождения и хорошей репутацией в настоящем. Для замотанных москвичей круглогодичные экологические возможности Серебряного бора — на вес золота. Сюда вырываются из суеты мегаполиса ради размеренного или активного отдыха на природе.;ежедневно весь день;kudago;unknown;0.0;no reliable signal;0;outdoor
kudago:5125;Москва;Триумфальная арка;attractions,sights;location;Триумфальная арка Москвы — символ мужества русского народа.;;kudago;unknown;0.0;no reliable signal;0;outdoor
kudago:26935;Москва;Фондовая оранжерея Главного ботанического сада имени Цицина РАН «Московские тропики»;park,attractions;walk;Это место — возможность абстрагироваться от шума и суеты мегаполиса и совершить неспешную прогулку по садам и лесам разных стран и континентов.;вт, ср, пт–вс 10:00–17:00, чт 10:00–14:00;kudago;unknown;0.0;no reliable signal;0;outdoor
kudago:484;Москва;Чайный дом на Мясницкой;shops,attractions;location;Китайский островок на Мясницкой улице — это известный чайный магазин Перлова, история которого началась ещё в позапрошлом веке.;ежедневно 10:00–20:00;kudago;unknown;0.0;no reliable signal;0;mixed
kudago:5921;Москва;Эйфелева башня в Москве;kids,attractions,sights;location;Вы можете поехать в Париж и отстоять огромную очередь, чтобы посетить главную его достопримечательность — великолепную Эйфелеву башню. А можете просто сесть в метро и, не выезжая за пределы МКАД, прикоснуться к точной её копии.;ежедневно весь день;kudago;unknown;0.0;no reliable signal;0;outdoor
kudago:7135;Москва;арт-парк «Никола-Ленивец»;kids,park,attractions,sights;walk;Арт-парк «Никола-Ленивец» — прекрасная возможность провести чудесные выходные недалеко от Москвы! Природа, удивительные арт-объекты, рестораны, активный отдых и уютный ночлег — всё это есть в парке.;;kudago;unknown;0.0;no reliable signal;0;outdoor
kudago:3795;Москва;водопад Радужный;attractions,sights;location;Центральная Россия — край водопадов! Не верите? А зря.;ежедневно весь день;kudago;unknown;0.0;no reliable signal;0;outdoor
kudago:18778;Москва;креативное пространство «Люмьер-Холл»;coworking,attractions,sights,cinema;location;В креативном пространстве «Люмьер-Холл» благодаря мультимедийным выставкам оживают полотна великих мастеров, ценители кинематографа получают удовольствие от тематических кинопоказов, а на концертах и фестивалях кипит яркая, современная, полная впечатлений жизнь.;ежедневно 11:00–23:00;kudago;unknown;0.0;no reliable signal;0;indoor
kudago:30758;Москва;лаунж-бар «Гамачная №1 Ёжик в тумане»;attractions,sights;location;Неоновые рисунки на стенах, атмосфера жаркого тропического острова, уютные гамаки и ультрафиолетовое освещение — яркий бар с причудливым дизайном готов перевернуть ваши представления о комфортном отдыхе.;пн–чт 12:00–3:00, пт–вс 12:00–6:00;kudago;unknown;0.0;no reliable signal;0;indoor
kudago:5135;Москва;район Китай-город;attractions,sights;location;Если вы хотите посмотреть самые красивые исторические места Москвы — вам в Китай-город.;;kudago;unknown;0.0;no reliable signal;0;outdoor
kudago:15006;Москва;яблоневые сады в Коломенском парке;park,attractions,sights;walk;В последний месяц весны, который медленно перетекает в жаркое московское лето, нет в городе места тише, красивее и приятнее, чем яблоневые сады, расположенные в парке Коломенское.;ежедневно весь день;kudago;unknown;0.0;no reliable signal;0;outdoor
kudago:6843;Нижний Новгород;Дом Дворянского собрания;culture,attractions;location;В 1785 году императрицей Екатериной II были утверждены привилегии дворянства для каждой губернии располагать своим Дворянским собранием и местом для общих собраний.;;kudago;unknown;0.0;no reliable signal;0;outdoor
kudago:5543;Нижний Новгород;Дом Каменских;attractions;location;Особняк семейства Каменских был построен в 1914 году по проекту петербургского архитектора Бориса Коршунова.;;kudago;unknown;0.0;no reliable signal;0;mixed
kudago:21540;Нижний Новгород;Куйбышевская водокачка;attractions,other;location;Неподалёку от центра города находится мрачная изъеденная временем башня, которая является любимой локацией для фотосессий в готическом стиле, памятником исторического значения и просто интересным местом для любителей изучать старинные разрушенные здания.;;kudago;unknown;0.0;no reliable signal;0;outdoor
kudago:1207;Нижний Новгород;Нижегородская Филармония имени Ростроповича;concert-hall;museum;Полное название: Нижегородская Государственная Академическая филармония имени Мстислава Ростроповича.;касса: ежедневно 10:00–19:00;kudago;unknown;0.0;no reliable signal;0;indoor
kudago:4727;Нижний Новгород;Нижегородский планетарий имени Георгия Гречко;kids,observatory,attractions;location;Нижегородский планетарий — один из первых цифровых планетариев в России. Здесь проходят полнокупольные программы, действуют музей и обсерватория, проводятся экскурсии и мастер-классы для гостей всех возрастов.;вт–вс 10:00–20:00;kudago;unknown;0.0;no reliable signal;0;indoor
kudago:6854;Нижний Новгород;Царский павильон;attractions;location;Небольшое каменное здание на площади Революции является уникальным памятником истории, поскольку с его появлением активно начала развиваться железная дорога Нижнего Новгорода.;;kudago;unknown;0.0;no reliable signal;0;outdoor
kudago:1792;Нижний Новгород;Чкаловская лестница;attractions;location;Самая длинная мемориальная лестница России.;;kudago;unknown;0.0;no reliable signal;0;outdoor
kudago:915;Нижний Новгород;концертный зал MILO Concert Hall;clubs,concert-hall;museum;Главная задача заведения — собрать под своей крышей абсолютно разноформатные мероприятия: танцевальные шоу, рейвы с участием топовых ди-джеев и глобальные концерты в Нижнем Новгороде.;ежедневно весь день;kudago;unknown;0.0;no reliable signal;0;indoor
kudago:34753;Нижний Новгород;культурный центр «Пакгаузы»;art-space;museum;Ажурные металлические конструкции на Стрелке уже давно стали одним из неофициальных символов Нижнего Новгорода. Благодаря реконструкции это место превратилось в культурный центр с выставочным пространством и концертным залом.;вт, ср 10:00–18:00, чт 12:00–20:00, пт–вс 11:00–19:00;kudago;unknown;0.0;no reliable signal;0;mixed
kudago:6960;Нижний Новгород;макет самолёта «Ньюпор-4»;attractions;location;Макет самолёта представляет точную уменьшенную копию самолёта, на котором Петром Нестеровым был совершён знаменитый вираж в вертикальной плоскости.;;kudago;unknown;0.0;no reliable signal;0;outdoor
kudago:7013;Нижний Новгород;церковь Жен-Мироносиц;attractions,church;location;Церковь святых Жен-Мироносиц основана в 1510-ом году нижегородским купцом И. Сырковым. Она являлась первой приходской церковью из камня на Верхнем посаде города. Придел церкви построен в 1537 году внуком Ивана Сыркова, в котором разместился дополнительный алтарь и престол для богослужений.;;kudago;unknown;0.0;no reliable signal;0;mixed
kudago:4550;Санкт-Петербург;Cтрелка Елагина острова;attractions;location;Ансамбль стрелки Елагина острова обязан своим внешним видом наводнению 23 сентября 1924 года.;;kudago;unknown;0.0;no reliable signal;0;outdoor
kudago:10320;Санкт-Петербург;«Камень-голова»;attractions;location;Кто выглядывает из-под земли?;;kudago;unknown;0.0;no reliable signal;0;outdoor
kudago:10546;Санкт-Петербург;Архитектурно-познавательный туристский центр «Мини-город»;kids,attractions,sights;location;Представьте себя Гулливером, который совершает прогулку по Петербургу и любуется архитектурными шедеврами города с высоты своего исполинского роста.;ежедневно весь день;kudago;unknown;0.0;no reliable signal;0;outdoor
kudago:4543;Санкт-Петербург;Буддийский храм;attractions,temple;location;Петербургский Буддийский храм (он же дацан «Гунзэчойнэй») до недавнего времени являлся самым северным в мире. Он был основан по ходатайству тибетского Далай-ламы в 1909 году.;пн, вт, чт–вс 10:00–19:00;kudago;unknown;0.0;no reliable signal;0;mixed
kudago:2026;Санкт-Петербург;Граффити «Маленький Принц»;kids,attractions;location;Петербург известен своей творческой атмосферой и креативом, который не обходит стороной даже стены домов и государственных учреждений.;;kudago;unknown;0.0;no reliable signal;0;outdoor
kudago:2809;Санкт-Петербург;Двор дома Бака;attractions;location;Один из ярких примеров того, как русская эклектика растворяет в себе модерн и рококо — доходный дом инженера Бака. Розовый мрамор в облицовке здания, воздушные галереи... А туристы ходят сюда, чтобы полюбоваться двором.;;kudago;unknown;0.0;no reliable signal;0;outdoor
kudago:1018;Санкт-Петербург;Двор с домом Карлсона;attractions,sights;location;Карлсон улетал, но обещал вернуться. И, подумать только, не обманул — вернулся в Петербург и даже обзавёлся собственным домом.;;kudago;unknown;0.0;no reliable signal;0;outdoor
kudago:1021;Санкт-Петербург;Дворик филфака СПбГУ;attractions,sights;location;По инициативе декана филфака во дворике факультета была установлена скульптура Арсена Аветисяна «Размышление о Mаленьком принце». А в результате вокруг этой поэтичной статуи, созданной безвременно ушедшим автором, вырос целый Парк современной скульптуры.;;kudago;unknown;0.0;no reliable signal;0;outdoor
kudago:2378;Санкт-Петербург;Дом Зингера (Дом книги);shops,attractions;location;Шестиэтажное здание на Невском проспекте с мансардой в стиле модерн, построенное в 1904 году по проекту архитектора Павла Сюзора для акционерной компании «Зингер в России».;ежедневно 9:00–23:00;kudago;unknown;0.0;no reliable signal;0;indoor
kudago:1398;Санкт-Петербург;Елагин остров;park,attractions,recreation;walk;Центральный парк культуры и отдыха имени Кирова — оазис природы, расположенный практически в центре города.;ежедневно 6:00–23:00;kudago;unknown;0.0;no reliable signal;0;outdoor
kudago:541;Санкт-Петербург;Замок Андерсенград;kids,attractions,sights;location;Андерсенград уже более 30 лет радует детей и взрослых. Миниатюрный замок с башенками, крепостной стеной, фонтанами и красными стенами населён героями произведений сказочника Ханса Кристиана Андерсена.;;kudago;unknown;0.0;no reliable signal;0;outdoor
kudago:4090;Санкт-Петербург;Лесопарк Александрино;park,photo-places,attractions,recreation;walk;Люди обычно не задумываются о том, что творят не только собственную судьбу, но историю всего, что они создают своей волей. А между тем история вещей бывает даже более занимательна, чем человеческая жизнь. Такова история старейшего петербургского парка.;ежедневно весь день;kudago;unknown;0.0;no reliable signal;0;outdoor
kudago:387;Санкт-Петербург;Марсово поле;attractions,sights;location;Уникальный архитектурный ансамбль, сочетающий в себе целый букет исторических памятников Северной столицы, и одновременно любимое место летнего отдыха петербуржцев. Его нельзя не заметить и невозможно не полюбить. Возьмите с собой плед, гитару, книгу или хорошую компанию и приходите на Марсово поле.;;kudago;unknown;0.0;no reliable signal;0;outdoor
kudago:2813;Санкт-Петербург;Мозаичный дворик;kids,photo-places,attractions;location;Среди петербургских дворов-колодцев затаился небольшой Мозаичный дворик — монументальная работа художника Владимира Лубенко и его учеников.;;kudago;unknown;0.0;no reliable signal;0;outdoor
kudago:8467;Санкт-Петербург;Оранжерея Таврического сада;photo-places,attractions,sights;location;Оранжерея Таврического сада — «райская» машина времени, которая в любое время, несмотря на переменчивую петербургскую погоду, может отправить вас в лето и познакомить с диковинными растениями.;вт–вс 11:00–21:00;kudago;unknown;0.0;no reliable signal;0;outdoor
kudago:1125;Санкт-Петербург;Ротонда на Гороховой;photo-places,attractions,sights;location;Ротонда на Гороховой улице связана с городскими легендами и потому притягивает к себе не только туристов, но и любопытную молодёжь.;ежедневно 12:00–21:00;kudago;unknown;0.0;no reliable signal;0;outdoor
kudago:8945;Санкт-Петербург;Стрелка Васильевского острова;attractions;location;Стрелка Васильевского острова — это одна из удивительных достопримечательностей Северной пальмиры.;;kudago;unknown;0.0;no reliable signal;0;outdoor
kudago:2377;Санкт-Петербург;Чижик-Пыжик;attractions;location;Чижик-Пыжик — один из самых маленьких памятников Петербурга высотой всего 11 сантиметров. Считается, что птичка принесёт удачу тому, чья монетка попадёт на скромный пьедестал и не отскочит в воду.;;kudago;unknown;0.0;no reliable signal;0;outdoor
kudago:6796;Санкт-Петербург;дом-кольцо на Фонтанке;attractions;location;XIX век не зря называют золотым веком русской культуры: эта эпоха подарила нам такое изобилие шедевров во всех областях искусства, что многие из них были просто не замечены современниками. Один из таких малоизвестных архитектурных шедевров притаился во дворе набережной Фонтанки. Это круглый дом, известный среди петербуржцев как дом-кольцо.;;kudago;unknown;0.0;no reliable signal;0;outdoor
kudago:742;Санкт-Петербург;петербургский ангел;attractions,sights;location;Есть стольный град Санкт-Петербург с императором Петром I на коне. Есть колыбель революции Ленинград с Лениным на броневике. А между ними живёт своей жизнью город Питер, и его охраняет маленький старичок-ангел.;;kudago;unknown;0.0;no reliable signal;0;outdoor
kudago:22707;Сочи;Агурские водопады;attractions;location;Каскад из нескольких водопадов в долине реки Агура, красивое и таинственное место, которое очень любят туристы и фотографы.;;kudago;unknown;0.0;no reliable signal;0;outdoor
kudago:22704;Сочи;Орнитопарк;amusement,park,attractions;walk;Природный орнитологический парк в Имеретинке. Красивое место, где живут более сорока видов редких птиц.;;kudago;unknown;0.0;no reliable signal;0;outdoor
kudago:7822;Сочи;Сочинский дендрарий;park,attractions;walk;Дендрарий в Сочи, где в настоящее время собираются отдыхающие, а школьники собирают гербарии для отчета «Как я провел лето», основан на денежные средства драматурга Сергея Николаевича Худекова в XIX веке.;касса: ежедневно 9:00–19:00;kudago;unknown;0.0;no reliable signal;0;outdoor
kudago:4267;Сочи;зал Зимнего театра Сочинской филармонии;concert-hall;museum;Зимний театр — главная театральная и концертная площадка города, самое культовое место в городе Сочи.;ежедневно 10:00–22:00;kudago;unknown;0.0;no reliable signal;0;indoor
kudago:8023;Сочи;монумент Михаила Архангела;attractions;location;Монументальная колонна со скульптурной композицией Михаила Архангела, предводителя Небесного воинства и покровителя города-курорта Сочи, установлена на эспланаде Курортного проспекта Центрального района.;;kudago;unknown;0.0;no reliable signal;0;outdoor
kudago:21564;Сочи;развалины храма Агуа;attractions,temple;location;Средневековая церковь в живописнейшем месте Большого Сочи вот уже несколько веков привлекает и туристов, и археологов, и кладоискателей.;;kudago;unknown;0.0;no reliable signal;0;outdoor
kudago:4309;Сочи;храм Апостолов Симона и Фаддея;attractions,temple;location;Этот римско-католический храм в городе Сочи — настоящий памятник неоготики в солнечном южном городе.;;kudago;unknown;0.0;no reliable signal;0;mixed
kudago:8225;Сочи;храм Преображения Господня;attractions,temple;location;Православный храм Хостинского района города Сочи.;;kudago;unknown;0.0;no reliable signal;0;mixed
kudago:8221;Сочи;храм Рождества Богородицы;attractions,temple;location;Православная церковь в Лазаревском районе города Сочи.;ежедневно 8:00–19:00;kudago;unknown;0.0;no reliable signal;0;mixed
kudago:4151;Казань;Благовещенский собор Казанского кремля;attractions;location;Собор был построен в 1562 году псковским архитектором Постником Яковлевым, создателем собора Василия Блаженного в Москве. Это также самый древний из сохранившихся памятников в ансамбле Кремля.;;kudago;mixed;0.72;mixed kind/title signals;1;mixed
kudago:8037;Казань;Дворец земледельцев;palace,attractions,sights;location;Возведён дворец в историческом центре Казани вблизи кремля и набережной реки Казанки.;;kudago;mixed;0.72;mixed kind/title signals;1;outdoor
kudago:34585;Казань;Иннополис;attractions,sights,suburb;walk;Иннополис — первый построенный с нуля город в постсоветской России. Он расположился в 40 километрах от Казани и ежегодно привлекает к себе туристов, которые приезжают любоваться современной архитектурой и узнавать о последних ИТ-разработках.;;kudago;mixed;0.72;mixed kind/title signals;1;outdoor
kudago:7699;Казань;Петропавловский собор;attractions,church;location;Уникальный памятник русского барокко — Петропавловский собор — был построен в начале XVIII века. В его стенах побывали почти все российские императоры, сюда заходил Александр Пушкин, а в хоре собора пел Фёдор Шаляпин.;ежедневно 7:00–19:00;kudago;mixed;0.72;mixed kind/title signals;1;mixed
kudago:8205;Казань;Раифский Богородицкий мужской монастырь;monastery,attractions;location;Недалеко от Казани рядом с Волжско-Камским природным заповедником располагается чудесная обитель, место доброты и радушия.;пн–вс 09:00–18:00;kudago;mixed;0.72;mixed kind/title signals;1;mixed
kudago:7687;Казань;Свияжск;attractions,sights,suburb,church;walk;Расположившееся на острове село Свияжск — отличный вариант отдыха на выходные. Сюда приезжают любоваться потрясающими пейзажами, рассматривать древнюю архитектуру и учиться новому — например, гончарному делу или стрельбе из лука.;;kudago;mixed;0.72;mixed kind/title signals;1;outdoor
kudago:8267;Казань;Хрустальное озеро;attractions,sights,suburb;walk;Живописный и тихий уголок природы, вдали от шумного мегаполиса, где можно насладиться праздничным застольем, отведать натуральных продуктов, активно отдохнуть и просто интересно провести время.;пн–вс 04:00–22:00;kudago;mixed;0.72;mixed kind/title signals;1;outdoor
kudago:8547;Казань;гостевой комплекс «Дубай»;suburb;walk;Загородный комплекс расположен на Высокой горе, в одном из самых живописных мест Казани.;;kudago;mixed;0.72;mixed kind/title signals;1;mixed
kudago:8908;Казань;гостевой комплекс «Прекрасновидово»;suburb;walk;Удивительное место с красивым названием располагается неподалеку от города в селе Красновидово.;ежедневно весь день;kudago;mixed;0.72;mixed kind/title signals;1;mixed
kudago:4634;Казань;музей-заповедник «Казанский кремль»;museums,attractions;museum;Государственный историко-архитектурный и художественный музей-заповедник «Казанский кремль» является главной достопримечательностью Казани и ценным объектом культурного наследия республики Татарстан.;ежедневно весь день;kudago;mixed;0.72;mixed kind/title signals;1;mixed
kudago:2140;Москва;Англиканский собор Святого Андрея;attractions;location;Место, которое является единственным в своём роде в Москве — Собор Святого Андрея (англиканская церковь). Это настоящий памятник архитектуры, который привлекает не только страждущих пищи духовной, но и любителей музыки. Здесь проводятся интереснейшие органные концерты.;ежедневно 8:00–22:00;kudago;mixed;0.72;mixed kind/title signals;1;mixed
kudago:90;Москва;ВДНХ;museums,park,attractions;museum;ВДНХ — крупнейший в Москве выставочный центр. Ежегодно его посещают больше двадцати миллионов человек, а на территории организуют не меньше полутора сотен экспозиций и выставок.;ежедневно весь день;kudago;indoor;0.92;indoor kind/title signal;1;mixed
kudago:206;Москва;Московский Кремль;museums,attractions;museum;Величественный и древний, Московский Кремль уже много веков остаётся главным символом необъятной России.;пн–ср, пт–вс 10:00–17:00 (касса: пн–ср, пт–вс 9:30–16:30);kudago;mixed;0.72;mixed kind/title signals;1;mixed
kudago:531;Москва;Музей-заповедник «Царицыно»;kids,museums,park,palace,attractions;museum;Царские дворцы в стиле русской готики, чистые пруды... Парк, который так и не стал императорской резиденцией, сегодня открыт для всех, кто хочет найти уголок спокойствия в шумной столице.;вт–чт 10:00–18:00, пт, сб 10:00–20:00, вс 10:00–18:00;kudago;indoor;0.92;indoor kind/title signal;1;mixed
kudago:940;Москва;Музей-усадьба «Архангельское»;museums,attractions,homesteads;museum;Музей-усадьба «Архангельское» известен своими знаменитыми музейными экспозициями и садово-парковым комплексом. Если у вас выдался свободный день в любое время года, вы хотите провести его на природе и открыть страницы русского прошлого, смело приезжайте на отдых в «Архангельское».;ежедневно 10:00–20:00;kudago;mixed;0.72;mixed kind/title signals;1;mixed
kudago:6182;Москва;Песчаные дюны в Сычёво;suburb,recreation;walk;Если вы любите интересные места, ищете приключений, романтик в душе, да ещё и обладатель сноуборда — вам точно туда, в Песчаные дюны в Сычёво. Здесь вы почувствуете себя, будто в пустыне: вокруг вас раскинется огромное песчаное пространство, где можно увидеть даже карликовые растения.;ежедневно весь день;kudago;mixed;0.72;mixed kind/title signals;1;outdoor
kudago:4583;Москва;Приокско-Террасный заповедник;kids,park,sights,animal-shelters,suburb;walk;Всего в 100 километрах от Красной площади расположился единственный заповедник Московской области. В нём находится Центральный зубровый питомник, где можно познакомиться с краснокнижными зубрами, а также их ближайшими родственниками — североамериканскими бизонами. Для гостей заповедника созданы широкие возможности для экологического туризма, здесь можно всей семьёй отдохнуть на природе и получить массу ярких впечатлений.;пн–пт 9:00–18:00, сб, вс 9:00–19:00 (касса: пн–пт 9:00–17:00, сб, вс 8:00–18:30);kudago;mixed;0.72;mixed kind/title signals;1;outdoor
kudago:575;Москва;Римско-католический Кафедральный собор Непорочного Зачатия Пресвятой Девы Марии;attractions,concert-hall;museum;Действующий католический собор на Малой Грузинской — произведение готической архитектуры. Некоторые называют это место островком Европы в центре Москвы. Благотворительный фонд «Искусство добра» регулярно проводит здесь концерты органной, камерой и симфонической музыки.;;kudago;mixed;0.72;mixed kind/title signals;1;indoor
kudago:30213;Москва;Семейный парк «Волшебная страна»;amusement,kids,suburb;walk;Повесть Александра Волкова «Волшебник изумрудного города» подарила многим детям веру в чудеса. Теперь у этих детей появились свои дети — можно всем вместе отправиться в семейный парк «Волшебная страна», в котором живут любимые герои.;ежедневно 10:00–19:00;kudago;mixed;0.72;mixed kind/title signals;1;outdoor
kudago:5129;Москва;детский парк «Усадьба Трубецких в Хамовниках»;kids,park,attractions;walk;Детский парк «Усадьба Трубецких в Хамовниках» предлагает посетителям не только активный отдых на природе, но и познавательные экскурсии в поместье. Здесь можно посетить зоопарк, биологическую теплицу, научиться кататься на лошади, а также принять участие в конкурсах и соревнованиях для всей семьи.;ежедневно 9:00–21:00;kudago;mixed;0.72;mixed kind/title signals;1;outdoor
kudago:7285;Москва;усадьба Быково;palace,attractions,homesteads,church;location;Одна из красивейших усадеб столицы. Время её основания приходится на вторую половину XVII века. К созданию этого архитектурного памятника приложил руку бывший московский генерал-губернатор, фаворит Екатерины II Михаил Измайлов. Свою резиденцию он выстроил в масонском стиле, поскольку состоял в числе адептов этого ордена.;;kudago;mixed;0.72;mixed kind/title signals;1;mixed
kudago:2717;Москва;усадьба Дубровицы;attractions,suburb,homesteads;walk;Эта живописная усадьба, которая находится под Подольском, известна благодаря церкви Знамения Пресвятой Богородицы, которая является действующим храмом.;ежедневно 8:00–17:30;kudago;mixed;0.72;mixed kind/title signals;1;mixed
kudago:1085;Москва;усадьба Кусково;kids,museums,homesteads;museum;Одно из самых романтичных мест в Москве — усадьба Кусково. В своё время её называли Подмосковным Версалем, настолько она напоминала своей красотой сад французских королей.;ср–вс 10:00–18:00;kudago;mixed;0.72;mixed kind/title signals;1;mixed
kudago:1564;Москва;этнографический парк «ЭТНОМИР»;amusement,kids,park,attractions,sights,suburb;walk;Чтобы путешествовать по миру, необязательно уезжать далеко от дома. Всего в 90 километрах от Москвы раскинулся огромный культурно-образовательный центр и этнографический парк «ЭТНОМИР» — территория для познавательных прогулок, творчества и развлечений. Сюда приезжают отдыхать и знакомиться с традициями разных стран мира.;ежедневно 9:00–21:00;kudago;mixed;0.72;mixed kind/title signals;1;outdoor
kudago:33914;Нижний Новгород;Арзамас и Ичалковский бор: культурные сокровища и подземные пещеры за один уик-энд;park,suburb,prirodnyj-zapovednik;walk;Двухдневный маршрут для тех, кто любит разнообразие и хочет интересно отдохнуть в разгар бабьего лета. Вас ждёт Арзамас, красивейший уездный город региона, а также катание на конях-тяжеловозах, прогулка по осеннему лесу и спуск в живописные пещеры.;;kudago;mixed;0.72;mixed kind/title signals;1;outdoor
kudago:20656;Нижний Новгород;База отдыха «Живые родники»;suburb;walk;Гостей базы отдыха ждут живописные пейзажи, целебные родники, потрясающая рыбалка, настоящие боярские терема, прогулки на лошадях, активные игры и другие развлечения, которые помогут отвлечься от городской суеты, забыть о проблемах и избавиться от стресса.;;kudago;mixed;0.72;mixed kind/title signals;1;mixed
kudago:35124;Нижний Новгород;Городец: чем заняться и что посмотреть;suburb;walk;Сказочный Городец — провинциальный городок в Нижегородской области. Его история насчитывает уже более восьми с половиной веков, и за это время он прославился на всю страну своими промыслами: жбанниковской глиняной игрушкой, самобытной городецкой росписью и, конечно, печатными пряниками.;;kudago;mixed;0.72;mixed kind/title signals;1;outdoor
kudago:20654;Нижний Новгород;Загородный клуб «Ранчо 636»;inn,suburb;walk;Гостей базы отдыха ждут свежий воздух, упоительный запах сосен, прекрасные виды, множество развлечений на любой вкус и различные варианты размещения. К услугам отдыхающих — баня, солярий, тренажёрный зал, массажный салон, теннисный корт, ночной клуб с караоке и многое другое.;ежедневно весь день;kudago;mixed;0.72;mixed kind/title signals;1;mixed
kudago:4540;Нижний Новгород;Керженский заповедник;park,attractions,animal-shelters,suburb;walk;Керженский природный заповедник площадью почти 47 тысяч га — уникальная биосферная территория, находящаяся под особой охраной государства. Посетить заповедник, который находится в Нижегородской области, можно только в составе экскурсионной группы.;;kudago;mixed;0.72;mixed kind/title signals;1;outdoor
kudago:4149;Нижний Новгород;Нижегородский кремль;museums,attractions;museum;Военно-инженерное сооружение начала XVI века является символом Нижнего Новгорода и его главной достопримечательностью.;ежедневно 10:00–19:00 (касса: ежедневно 10:00–18:00);kudago;mixed;0.72;mixed kind/title signals;1;mixed
kudago:20649;Нижний Новгород;Парк приключений «Экстримлэнд»;amusement,park,suburb,recreation;walk;Царство активного отдыха и новых эмоций. На одной территории собраны все возможные виды развлечений, традиционных и не очень: скалодромы, квадроциклы, высотный город, троллеи, лучно-арбалетный тир, зорбинг, катапульта и многое другое — всё это ждёт гостей уникального приключенческого парка.;;kudago;mixed;0.72;mixed kind/title signals;1;outdoor
kudago:4537;Нижний Новгород;Сормовский парк;amusement,kids,park,attractions,suburb,recreation;walk;Сормовский парк — это реализация мечты о зелёной зоне отдыха в черте мегаполиса. Беговые дорожки, аттракционы, зоопарк, картинг, озеро с беседками и баней, каток — здесь есть всё для отдыха с семьёй или друзьями.;ежедневно 10:00–22:00;kudago;mixed;0.72;mixed kind/title signals;1;outdoor
kudago:4193;Нижний Новгород;Усадьба Рукавишниковых;museums,attractions;museum;Усадьба Рукавишниковых является объектом культурного наследия регионального значения. Гостей усадьбы ждёт встреча с историческими выставками и знакомство с архитектурными особенностями здания и его уникальными интерьерами.;вт–вс 10:00–20:00;kudago;mixed;0.72;mixed kind/title signals;1;indoor
kudago:21170;Нижний Новгород;озеро Светлояр;suburb,recreation;walk;Одно из самых загадочных озёр России. У него идеально правильная овальная форма, его прозрачная и чистая вода никогда не «цветёт» и может храниться в бутылке долгое время, не теряя своих свойств.;;kudago;mixed;0.72;mixed kind/title signals;1;outdoor
kudago:21166;Нижний Новгород;парк «Щёлоковский хутор»;park,attractions,suburb,recreation;walk;Грандиозный ландшафтный памятник природы с озёрами, огромной лесополосой и одним из самых известных в России музеев деревянного зодчества. Сюда приезжают за тишиной, чистым воздухом, экскурсиями и великолепными видами.;;kudago;mixed;0.72;mixed kind/title signals;1;outdoor
kudago:5961;Санкт-Петербург;Гатчинские гейзеры;attractions,sights,suburb;walk;Природное чудо в Гатчине: удивительные лесные гейзеры.;;kudago;mixed;0.72;mixed kind/title signals;1;outdoor
kudago:259;Санкт-Петербург;Государственный музей-заповедник «Петергоф»;palace,attractions,suburb,fountain;walk;Государственный музей-заповедник «Петергоф» — легендарный дворцово-парковый ансамбль с фонтанами.;ежедневно 9:00–20:00;kudago;mixed;0.72;mixed kind/title signals;1;outdoor
kudago:426;Санкт-Петербург;Музей-памятник «Исаакиевский собор»;museums,attractions,temple;museum;Собор Исаакия Далматского — самый большой православный храм Северной столицы и рекордсмен по количеству связанных с ним легенд.;пн, вт, чт–вс 10:00–18:00 (касса: пн, вт, чт–вс 10:00–17:30);kudago;mixed;0.72;mixed kind/title signals;1;mixed
kudago:1341;Санкт-Петербург;Парк «Новая Голландия»;park,art-space,attractions,sights,recreation;museum;Новое пространство стало глотком свежего воздуха для Северной столицы. Книжный магазин, инсталляции, концертная площадка, лужайка летом, каток зимой и не только.;пн–чт 9:00–22:00, пт–вс 9:00–23:00;kudago;outdoor;0.78;outdoor kind/title signal;1;outdoor
kudago:257;Санкт-Петербург;Петропавловская крепость;museums,attractions;museum;Место, с которого начался Санкт-Петербург.;ежедневно 9:50–20:30;kudago;mixed;0.72;mixed kind/title signals;1;indoor
kudago:10341;Санкт-Петербург;Радоновые озёра;suburb;walk;Кристально чистая и полезная вода в Лопухинке.;;kudago;mixed;0.72;mixed kind/title signals;1;outdoor
kudago:1222;Санкт-Петербург;Смольный собор;attractions,concert-hall;museum;Смольный собор находится на левом берегу Невы, где в прошлом готовили смолу, применяемую в корабельном деле. Легенда гласит, что Елизавета, дочь царя Петра I, захотела пойти в монахини и для постройки монастыря нашла самое подходящее место у реки.;пн–сб 8:00–20:00, вс 7:00–20:00;kudago;mixed;0.72;mixed kind/title signals;1;indoor
kudago:1214;Санкт-Петербург;Храм Спаса на Крови;museums,attractions,temple;museum;Один из красивейших храмов мира построен на месте, где пролилась кровь (отсюда и название) царя Александра II. Средства для строительства памятного собора собирались по всей России.;пн, вт, чт–вс 10:00–18:00;kudago;indoor;0.92;indoor kind/title signal;1;mixed
kudago:1;Санкт-Петербург;Эрмитаж (Зимний дворец, Главный музейный комплекс);museums;museum;Эрмитаж — один из крупнейших художественных и культурно-исторических музеев в мире. Чтобы осмотреть все его экспонаты, затрачивая хотя бы по одной минуте на каждый, понадобится более 11 лет.;вт, пт, сб 11:00–20:00, ср, чт, вс 11:00–18:00;kudago;mixed;0.72;mixed kind/title signals;1;indoor
kudago:918;Санкт-Петербург;Юсуповский дворец;museums,palace,attractions;museum;Этот дворец был ещё на первых изображениях петровского Петербурга. Однако своё историческое значение он получил, когда перешёл во владение дворянского знатного семейства Юсуповых. Все дворцы Петербурга с адресами, фотографиями и интересными фактами ищите на KudaGo.;ежедневно 10:00–19:30;kudago;mixed;0.72;mixed kind/title signals;1;mixed
kudago:8169;Сочи;Ахштырская пещера;attractions,sights,suburb;walk;Известная достопримечательность города-курорта Сочи, Ахштырская пещера, находится неподалеку от правого берега реки Мзымта в живописном Дрыхринском ущелье.;;kudago;mixed;0.72;mixed kind/title signals;1;indoor
kudago:9705;Сочи;Волконский дольмен, пос. Солоники;attractions,sights,suburb;walk;Волконский дольмен — уникальный исторический памятник, единственный сохранившийся в мире монолитный дольмен времен бронзового века.;;kudago;mixed;0.72;mixed kind/title signals;1;outdoor
kudago:9272;Сочи;Парк культуры и отдыха;park,attractions,suburb;walk;Отдохните всей семьей в тихом и приятном месте.;;kudago;mixed;0.72;mixed kind/title signals;1;outdoor
kudago:9709;Сочи;водопад Бзогу, пос. Дагомыс;attractions,sights,suburb;walk;Водопад Бзогу находится довольно далеко от популярных курортов, и раньше его навещали только опытные туристы, но в последние годы он становится все более популярным.;;kudago;mixed;0.72;mixed kind/title signals;1;outdoor
kudago:9704;Сочи;водопады Макопсе, пос. Вишневка;attractions,sights,suburb;walk;В районе пос. Вишневка расположены красивейшие водопады, которые носят название «водопады Макопсе». В этом месте сливается несколько небольших рек, и каждая из них может похвастаться собственными каскадами.;;kudago;mixed;0.72;mixed kind/title signals;1;outdoor
kudago:9273;Сочи;гора Фишт;attractions,suburb;walk;Одна из самых высоких и популярных среди туристов вершин в России.;;kudago;mixed;0.72;mixed kind/title signals;1;outdoor
kudago:9279;Сочи;дельфинотерапия в Лазаревском;kids,suburb,recreation;walk;Дельфинотерапия как лучшее лекарство.;;kudago;mixed;0.72;mixed kind/title signals;1;indoor
kudago:9227;Сочи;долина реки Аше;attractions,suburb;walk;Это место также называют Изумрудной долиной — из-за того, что большинство деревьев здесь вечнозеленые.;;kudago;mixed;0.72;mixed kind/title signals;1;outdoor
kudago:9249;Сочи;кафе «Кавказ Вегас»;restaurants,suburb;food;Жареная форель — коронное блюдо этого кафе, приготовлена так, что пальчики оближешь.;ежедневно 9:00–1:00;kudago;mixed;0.72;mixed kind/title signals;1;mixed
kudago:9099;Сочи;кафе «Лунная дорожка»;restaurants,suburb;food;Кафе с прекраснейшим видом на море с террасы.;;kudago;mixed;0.72;mixed kind/title signals;1;mixed
kudago:9113;Сочи;кафе «Мери»;restaurants,suburb;food;Уютное кафе на первом этаже одноименной гостиницы в Джугбе.;;kudago;mixed;0.72;mixed kind/title signals;1;mixed
kudago:9733;Сочи;мини-отель «Коттедж-люкс»;inn,suburb;walk;Мини-отель «Коттедж-люкс» в поселке Нижнее Макопсе придется по душе тем, кто хочет отдохнуть среди девственной природы, одновременно пользуясь всеми благами цивилизации.;ежедневно весь день;kudago;mixed;0.72;mixed kind/title signals;1;indoor
kudago:9340;Сочи;ресторан «Поляна»;restaurants,suburb;food;Ресторан-кафе, доступный всем.;;kudago;mixed;0.72;mixed kind/title signals;1;mixed
kudago:33239;Казань;Галерея современного искусства «БИЗОN»;museums;museum;Частная арт-галерея «БИЗОN» приглашает познакомиться с многогранным и противоречивым миром современного искусства.;ежедневно 12:00–20:00;kudago;indoor;0.92;indoor kind/title signal;2;indoor
kudago:7751;Казань;Детский развлекательный парк «Корстон»;kids,park,attractions;walk;В клубном отеле располагается детский игровой центр с аттракционами и сухим бассейном.;ежедневно 10:00–22:00;kudago;outdoor;0.78;outdoor kind/title signal;2;outdoor
kudago:22857;Казань;Добрая столовая;restaurants;food;Название соответствует тому, что вы увидите внутри: здесь приветливый персонал, вкусная еда, а цены не то, что не кусаются, а практически встречают вас, виляя хвостом! Тем, кто хочет сэкономить, здесь очень понравится: по утрам можно отлично позавтракать, а в обед насладиться бизнес-ланчем.;пн–пт 7:30–21:00, сб, вс 8:00–21:00;kudago;indoor;0.92;indoor kind/title signal;2;indoor
kudago:8364;Казань;Дом-музей Василия Аксёнова;museums;museum;Дом знаменитого русского писателя располагается в старинном особняке на одной из центральных улиц Казани. Сейчас здесь располагается музей, мини-отель, и развлекательный комплекс «Перекресток Джаза».;вт–сб 10:00–18:00, вс 10:00–16:00;kudago;indoor;0.92;indoor kind/title signal;2;indoor
kudago:7716;Казань;Дом-музей Ленина;museums;museum;Экспозиция музея представляет уникальные в своем роде мемориальные вещи, связанные с жизнью вождя пролетариата В.И. Ленина.;вт–вс 10:00–17:00;kudago;indoor;0.92;indoor kind/title signal;2;indoor
kudago:7848;Казань;Казанский Государственный театр юного зрителя;theatre;museum;Первый спектакль театра юного зрителя состоялся 30 ноября 1932 года, эта дата считается днём рождения казанского ТЮЗа.;ежедневно 9:00–19:00;kudago;indoor;0.78;indoor kind/title signal;2;indoor
kudago:5279;Казань;Казанский академический русский драматический театр имени Качалова;theatre;museum;Один из крупнейших и старейших драматических театров России отпраздновал в 2021 году свое 230-летие.;начало дневных спектаклей в 11:00, вечерних в 18:00;kudago;indoor;0.78;indoor kind/title signal;2;indoor
kudago:31140;Казань;Кремлёвская набережная;attractions;location;Кремлёвская набережная — любимое место для прогулок жителей и гостей Казани в любое время года.;;kudago;outdoor;0.78;outdoor kind/title signal;2;outdoor
kudago:4694;Казань;Литературный музей Габдуллы Тукая;museums;museum;Музей посвящен великому татарскому поэту, без которого немыслима ни татарская литература, ни современный татарский язык.;вт, ср, сб, вс 10:00–18:00, чт 13:00–21:00, пт 10:00–17:00;kudago;indoor;0.92;indoor kind/title signal;2;indoor
kudago:7854;Казань;Молодёжный театр на Булаке;theatre;museum;Самый яркий молодёжный театр европейского формата в Казани заставляет зрителя по-новому взглянуть на театральное искусство.;касса: ежедневно 10:00–20:00;kudago;indoor;0.78;indoor kind/title signal;2;indoor
kudago:4693;Казань;Музей Евгения Боратынского;museums,attractions;museum;Музей посвящён выдающемуся русскому поэту пушкинской эпохи, мастеру элегии и философской лирики.;вт, ср, сб, вс 10:00–18:00, чт 12:00–20:00, пт 10:00–17:00;kudago;indoor;0.92;indoor kind/title signal;2;indoor
kudago:4638;Казань;Музей естественной истории Татарстана;museums;museum;Музей естественной истории – научно-образовательное учреждение и информационный центр, где собраны данные о геологической истории Татарстана, его ископаемых, животном и растительном мире, а также о минерально-сырьевых ресурсах.;вт–чт, сб, вс 10:00–18:00, пт 11:00–20:00;kudago;indoor;0.92;indoor kind/title signal;2;indoor
kudago:4698;Казань;Музей изобразительных искусств Республики Татарстан;museums;museum;Государственный музей изобразительных искусств Республики Татарстан — один из крупнейших и известнейших художественных музеев России.;вт, ср, пт–вс 10:00–18:00, чт 10:00–20:00;kudago;indoor;0.92;indoor kind/title signal;2;indoor
kudago:4678;Казань;Музей пожарной охраны;kids,museums;museum;Здание музея пожарной охраны находится в Кировском районе Казани и состоит из пяти залов и одного кинозала, в котором можно посмотреть фильмы о пожарной безопасности.;пн–чт с 8:00 до 17:00, пт до 16:00;kudago;indoor;0.92;indoor kind/title signal;2;indoor
kudago:4700;Казань;Музей-квартира Мусы Джалиля;museums;museum;Литературно-мемориальный музей создан в квартире, где жил Муса Джалиль — знаменитый поэт, Герой Советского Союза.;вт–чт, сб, вс 10:00–18:00, пт 10:00–17:00;kudago;indoor;0.92;indoor kind/title signal;2;indoor
kudago:7798;Казань;Национальная художественная галерея «Хазинэ»;museums;museum;Галерея «Хазинэ» — филиал казанского Государственного музея изобразительных искусств — располагается на территории Казанского кремля. Здесь экспонируется более 2 000 произведений художников казанской школы и отражены два века развития изобразительного искусства республики. Именно здесь выставлены работы знаменитых Баки Урманче и Николая Фешина.;вт, ср, пт–вс 10:00–18:00, чт 11:00–20:00;kudago;indoor;0.92;indoor kind/title signal;2;indoor
kudago:4702;Казань;Национальный музей Республики Татарстан;museums,attractions;museum;Крупнейшее научно-исследовательское и образовательное учреждение в Татарстане, сохраняющее ценное художественное, культурное и литературное наследие республики.;пн, вс 10:00–18:00, вт–сб 10:00–20:00 (касса: пн, вс 10:00–17:00, вт–сб 10:00–19:00);kudago;indoor;0.92;indoor kind/title signal;2;indoor
kudago:7812;Казань;Памятник казанскому коту;attractions;location;Казанцы и гости города могут наблюдать на пересечении улиц Баумана и Мусы Джалиля ленивого пузатого кота, который разлёгся на мягком пуфике.;;kudago;outdoor;0.78;outdoor kind/title signal;2;outdoor
kudago:7816;Казань;Парк Чёрное озеро;park,attractions,recreation;walk;Рядом с университетским городком находятся уникальный водоём под названием Чёрное озеро и одноименный живописный парк.;;kudago;outdoor;0.78;outdoor kind/title signal;2;outdoor
kudago:36097;Казань;Развлекательный комплекс на улице Баумана;amusement,museums,sights,recreation;museum;В самом центре Казани появились два удивительных пространства: Музей Казней и пыток и Музей Аномалий тела. А недавно их дополнила новая выставка про колдовство. Шокирующие экспонаты и удивительные истории ждут самых смелых.;ежедневно 10:00–22:00;kudago;indoor;0.92;indoor kind/title signal;2;indoor
kudago:9055;Казань;Развлекательный центр MazaPark;amusement,bar,sights,recreation;food;Чтобы незабываемо провести время с друзьями и близкими, отправляйтесь в MazaPark! Это одна из современных достопримечательностей Казани, здесь можно почувствовать город через эмоции, активный отдых и атмосферу праздника.;пн–пт 12:00–6:00, сб, вс 10:00–6:00;kudago;indoor;0.65;food category fallback;2;indoor
kudago:5281;Казань;Татарский государственный театр драмы и комедии имени Карима Тинчурина;theatre;museum;Театр драмы и комедии организован в 1933 году по инициативе Карима Тинчурина.;ежедневно 10:00–19:00;kudago;indoor;0.78;indoor kind/title signal;2;indoor
kudago:5283;Казань;Татарский государственный театр кукол «Экият»;kids,theatre;museum;Крупнейший кукольный театр России, работающий на русском и татарском языках.;ежедневно 9:00–19:00;kudago;indoor;0.78;indoor kind/title signal;2;indoor
kudago:21684;Казань;Фабрика Алафузова;art-centers,museums,workshops;museum;Необычное для Казани лофт-пространство разместилось в здании мануфактур купца Первой гильдии Ивана Алафузова.;пн–пт 9:00–22:00, сб, вс 10:00–0:00;kudago;indoor;0.92;indoor kind/title signal;2;indoor
kudago:5277;Казань;Центральный парк культуры и отдыха имени Горького;park,attractions;walk;Крупнейший в прошлом парк являлся излюбленным местом отдыха казанцев. Его живописную территорию называли в прошлом называли «Русской Швейцарией».;ежедневно весь день;kudago;outdoor;0.78;outdoor kind/title signal;2;outdoor
kudago:34880;Казань;бар «Соль»;bar;food;«Соль» — легендарное место, притягивающее молодёжь со всей Казани. Сегодня почти невозможно представить, что раньше на Профсоюзной улице не было этого аутентичного заведения.;пн–чт, вс 11:00–3:00, пт, сб 11:00–4:00;kudago;indoor;0.78;indoor kind/title signal;2;indoor
kudago:27460;Казань;галерея Славы Зайцева;museums;museum;В персональной галерее однофамильца известного российского модельера представлены уникальные картины, созданные без помощи красок.;ежедневно 10:00–20:00;kudago;indoor;0.92;indoor kind/title signal;2;indoor
kudago:18393;Казань;галерея современного искусства;museums;museum;Персональные экспозиции художников и международные выставочные проекты.;вт–вс 11:00–20:00 (касса: вт–вс 11:00–19:30);kudago;indoor;0.92;indoor kind/title signal;2;indoor
kudago:20095;Казань;кафе «Ширван»;restaurants;food;Отличное место для посиделок в дружной компании, семейном кругу или для проведения более крупных мероприятий. А еще здесь готовят один из самых вкусных шашлыков в городе.;ежедневно 10:00–1:00;kudago;indoor;0.92;indoor kind/title signal;2;indoor
kudago:7696;Казань;мост «Миллениум»;attractions,sights,bridge;location;Открытие самого большого и самого высокого моста в Казани состоялось 29 июля 2005 года.;;kudago;outdoor;0.78;outdoor kind/title signal;2;outdoor
kudago:4639;Казань;музей исламской культуры;museums;museum;Музей исламской культуры располагается на цокольном этаже одного из знаковых зданий города — мечети Кул Шариф.;ежедневно 9:00–19:30;kudago;indoor;0.92;indoor kind/title signal;2;indoor
kudago:20906;Казань;музей-заповедник «Татар Авылы»;museums,stable;museum;Татарский этнографический музей и контактный зоопарк под открытым небом. Здесь полностью воссоздан быт и традиции татарских поселений средних веков.;ежедневно 9:00–16:00;kudago;indoor;0.92;indoor kind/title signal;2;mixed
kudago:8216;Казань;памятник зодчим Казанского кремля;attractions;location;У здания бывшего Архиерейского дома на территории Казанского кремля в скверике установлен памятник посвященным зодчим Казанского кремля.;;kudago;outdoor;0.78;outdoor kind/title signal;2;outdoor
kudago:8203;Казань;памятник учителю;attractions;location;В 2010 году появился первый в Татарстане памятник посвященный учителям.;;kudago;outdoor;0.78;outdoor kind/title signal;2;outdoor
kudago:7979;Казань;парк Урицкого;park,attractions,recreation;walk;Парк, расположенный в Московском районе Казани, является одним из наиболее крупных и ухоженных в городе.;;kudago;outdoor;0.78;outdoor kind/title signal;2;outdoor
kudago:36285;Казань;парк альпак «Пача Мама»;amusement,kids,park;walk;«Пача Мама» — парк для всей семьи, расположенный у острова-града Свияжск. Здесь обитают симпатичные альпаки, гигантские кролики, алтайские олени и шустрые козочки. Многих животных можно гладить и кормить. Читателям KUDAGO — скидка!;;kudago;outdoor;0.78;outdoor kind/title signal;2;outdoor
kudago:8184;Казань;площадь Свободы;attractions,sights;location;Площадь славится большим количеством исторических памятников и расположенными на ней важными для города и республики учреждениями.;;kudago;outdoor;0.78;outdoor kind/title signal;2;outdoor
kudago:8167;Казань;площадь Тысячелетия;attractions,sights;location;Крупнейшая и самая известная из двух главных площадей столицы Татарстана — главное место проведения культурно-массовых и общественных мероприятий.;;kudago;outdoor;0.78;outdoor kind/title signal;2;outdoor
kudago:8170;Казань;площадь Юнусовская;attractions,sights;location;Небольшая площадь, подобно скверу утопающая в зеленых насаждениях, расположена на пересечении улиц Габдуллы Тукая и Фатыха Карима.;;kudago;outdoor;0.78;outdoor kind/title signal;2;outdoor
kudago:18834;Казань;театр юного зрителя имени Габдуллы Кариева;theatre;museum;Классический театр для детей и молодежи имени заслуженного деятеля искусств Габдуллы Кариева.;;kudago;indoor;0.78;indoor kind/title signal;2;indoor
kudago:8366;Казань;фонтан на озере Нижний Кабан;attractions,sights,fountain;location;На сегодняшний день его называют одним из главных и крупнейших городских фонтанов Казани.;;kudago;outdoor;0.78;outdoor kind/title signal;2;outdoor
kudago:18833;Казань;центр «Эрмитаж-Казань»;museums;museum;Популярный музей и лекторий на территории исторического Кремля, где проходят как исторические экспозиции, так и выставки произведений современного искусства.;пн–чт, сб, вс 10:00–18:00, пт 11:00–20:00;kudago;indoor;0.92;indoor kind/title signal;2;indoor
kudago:4440;Москва;Большой Москворецкий мост;attractions,sights,bridge;location;Самый большой мост Москвы.;;kudago;outdoor;0.78;outdoor kind/title signal;2;outdoor
kudago:10883;Москва;Галерея искусства стран Европы и Америки XIX–XX веков;museums;museum;В 2006 году Музей изобразительного искусства имени Пушкина открыл новый отдел — Галерею искусства стран Европы и Америки XIX–XX веков. Коллекция галереи занимает 26 экспозиционных помещений.;вт, ср, сб, вс 11:00–20:00, чт, пт 11:00–21:00;kudago;indoor;0.92;indoor kind/title signal;2;indoor
kudago:96;Москва;Дарвиновский музей;kids,museums;museum;Огромная наглядная иллюстрация теории Чарльза Дарвина: десятки тысяч экспонатов, за каждым из которых стоит целая история.;вт–вс 10:00–18:00;kudago;indoor;0.92;indoor kind/title signal;2;indoor
kudago:1147;Москва;Дом Бурганова;museums;museum;Немноголюдный и очень интересный музей современного искусства.;ежедневно 11:00–19:00;kudago;indoor;0.92;indoor kind/title signal;2;indoor
kudago:1484;Москва;Дом-музей Марины Цветаевой;museums;museum;Мемориальная квартира Цветаевой в Борисоглебском переулке притягивает к себе гостей со всего мира. Трагическая судьба поэтессы и её семьи, талантливые произведения и большое творческое наследие — всё это создает особую ауру этого дома.;вт, ср, пт–вс 12:00–18:30, чт 12:00–20:15;kudago;indoor;0.92;indoor kind/title signal;2;indoor
kudago:1854;Москва;Дюссельдорфский парк;park,attractions,recreation;walk;Не парк даже, а настоящая жемчужина Марьино!;;kudago;outdoor;0.78;outdoor kind/title signal;2;outdoor
kudago:10748;Москва;Еврейский музей и центр толерантности;museums;museum;Уникальный комплекс музея объединил в себе классические экспозиционные принципы и новые технологии. Посетители знакомятся с историей и культурой еврейского народа в интерактивном формате: можно трогать экспонаты и взаимодействовать с ними. Увлекательное и в то же время глубокое содержание экспозиции будет интересно гостям всех возрастов.;пн–чт, вс 12:00–22:00, пт 10:00–15:00;kudago;indoor;0.92;indoor kind/title signal;2;indoor
kudago:2562;Москва;Звёздный городок;kids,museums;museum;Звёздный городок — некогда засекреченная тренировочная база космонавтов, а в наше время открытая для всех желающих.;;kudago;indoor;0.92;indoor kind/title signal;2;indoor
kudago:1392;Москва;Измайловский парк;kids,park,attractions,recreation;walk;Есть в Москве удивительное место, в котором легко дышится и мечтается, где обитают певчие птицы и ручные белки. Это Измайловский парк — уникальное сочетание живой природы и площадки для активного отдыха и культурного времяпрепровождения.;ежедневно весь день;kudago;outdoor;0.78;outdoor kind/title signal;2;outdoor
kudago:7;Москва;Московский музей современного искусства на Петровке;museums;museum;Первый в России государственный музей, который специализируется исключительно на искусстве конца XX—начала XXI веков.;вт–вс 12:00–21:00 (касса: вт–вс 12:00–20:30);kudago;indoor;0.92;indoor kind/title signal;2;indoor
kudago:55;Москва;Московский планетарий;kids,museums,observatory,attractions,cinema;museum;Здесь особенно ясно понимаешь, насколько велик космос и насколько мал человек в нём. Тем не менее именно здесь чувствуешь себя частичкой, единой с этой огромной Вселенной. Это лучшее место для всех романтиков. Ведь ещё никогда звёзды не были так близко…;пн, ср–вс 10:00–21:00;kudago;indoor;0.92;indoor kind/title signal;2;indoor
kudago:592;Москва;Музей «Огни Москвы»;museums;museum;Ночь. Улица. Фонарь... Вот с этого момента поподробнее!;пн–ср, вс 10:00–18:00, чт, пт 12:00–20:00, сб 10:00–20:00;kudago;indoor;0.92;indoor kind/title signal;2;indoor
kudago:574;Москва;Музей Военно-воздушных сил;museums;museum;Музей ВВС занимает огромную площадь, на которой выставлены настоящие боевые самолёты, вертолёты, планеры и другая авиационная техника.;ср–вс 9:00–17:30;kudago;indoor;0.92;indoor kind/title signal;2;indoor
kudago:1503;Москва;Музей Востока;museums;museum;В музее собраны образцы живописи, графики, скульптуры, ковроткачества, резьбы по дереву и других народных ремёсел Японии, Китая, Индии, Тибета, Центральной Азии, Кавказа, Сибири.;вт, пт–вс 11:00–20:00, ср, чт 12:00–21:00;kudago;indoor;0.92;indoor kind/title signal;2;indoor
kudago:1470;Москва;Музей Москвы;museums;museum;Музей был создан в 1897 году и изначально был посвящён московскому городскому хозяйству. Но коллекции росли, фонды пополнялись, и постепенно он стал музеем, рассказывающем об истории города в целом.;вт–вс 11:00–21:00 (касса: вт–вс 11:00–20:00);kudago;indoor;0.92;indoor kind/title signal;2;indoor
kudago:10984;Москва;Музей Мосфильма;museums;museum;Увидеть в реальной жизни костюмы, машины и декорации к любимым фильмам — сплошное удовольствие для зрителей!;вт, чт 15:00–21:00;kudago;indoor;0.92;indoor kind/title signal;2;indoor
kudago:26440;Москва;Музей Темноты;amusement,kids,museums,sights;museum;Музей Темноты приглашает в пространство, погружающее вас в головокружительную глубину познания себя. Музей был создан в 2016 году для привлечения внимания людей к жизни с другим видением — существованию в темноте и исследованию того эффекта, которого мы достигаем, находясь какое-то время без света. По будням действует акция «Счастливые часы»!;пн–чт 10:00–22:00, пт, сб 10:00–23:00;kudago;indoor;0.92;indoor kind/title signal;2;indoor
kudago:6524;Москва;Музей археологии Москвы;museums;museum;Музей археологии Москвы — единственный столичный музей, находящийся под землёй. Он расположился на месте масштабных археологических исследований, проведённых в середине 1990-х годов.;вт–вс 10:00–20:00;kudago;indoor;0.92;indoor kind/title signal;2;indoor
kudago:130;Москва;Музей изобразительных искусств имени Пушкина (Пушкинский музей);art-centers,museums;museum;От античной амфоры до полотен Ван Гога и Пикассо — золотой фонд мирового культурного наследия в коллекции Музея изобразительных искусств имени Пушкина.;вт, ср, вс 10:00–20:00, чт, сб 10:00–21:00, пт 11:00–21:00;kudago;indoor;0.92;indoor kind/title signal;2;indoor
kudago:16610;Москва;Музей оптических иллюзий;kids,museums,photo-places;museum;Формат этого интерактивного музея-аттракциона предполагает фотосъёмку, а посетители здесь становятся частью инсталляций.;ежедневно 11:00–22:00;kudago;indoor;0.92;indoor kind/title signal;2;indoor
kudago:26783;Москва;Музей русского импрессионизма;museums;museum;Музей русского импрессионизма — частный музей, он находится в реконструированном здании 1960-х годов на территории бывшей кондитерской фабрики «Большевик». С 2016 года музей показывает работы известных русских художников и открывает новые имена.;пн, вт, пт–вс 11:00–20:00, ср, чт 12:00–21:00;kudago;indoor;0.92;indoor kind/title signal;2;indoor
kudago:10541;Москва;Музей техники Apple;museums;museum;Музей позволит прочувствовать величие одного из грандиознейших стартапов XX века и понять, как целеустремлённость одного человека может изменить целый мир.;ср 17:00–21:00, сб, вс 12:00–18:00;kudago;indoor;0.92;indoor kind/title signal;2;indoor
kudago:1738;Москва;Музей-театр «Булгаковский дом»;museums,theatre;museum;«Булгаковский дом» — уникальный культурный центр, основанный по инициативе и при живом участии поклонников творчества знаменитого русского писателя. Это целый комплекс, имеющий широкие технические и интеллектуальные возможности для плодотворной работы.;ежедневно 12:00–21:00;kudago;indoor;0.92;indoor kind/title signal;2;indoor
kudago:272;Москва;Нескучный сад;park,attractions;walk;Нескучный сад полностью оправдывает своё название — это действительно один из интереснейших уголков Москвы.;ежедневно весь день;kudago;outdoor;0.78;outdoor kind/title signal;2;outdoor
kudago:1268;Москва;Останкинский парк;park,attractions;walk;Современный Останкинский парк (ЦПКиО имени Дзержинского) расположен на территории дворцово-паркового ансамбля «Останкино» конца XVIII–начала XIX века.;;kudago;outdoor;0.78;outdoor kind/title signal;2;outdoor
kudago:3680;Москва;Палеонтологический музей;museums;museum;Самый большой в мире музей эволюции. Только здесь можно своими глазами увидеть живую историю Земли — от зарождения жизни до появления человеческой цивилизации.;ср–вс 10:00–18:00;kudago;indoor;0.92;indoor kind/title signal;2;indoor
kudago:1266;Москва;Парк «Красная Пресня»;park,attractions,recreation;walk;Небольшой зелёный парк в двух шагах от метро «Выставочная»: единственные сохранившиеся в Москве голландские пруды и дорожки, которые помнят Пушкина и Баратынского.;ежедневно весь день;kudago;outdoor;0.78;outdoor kind/title signal;2;outdoor
kudago:4839;Москва;Парк «Сад будущего»;park,attractions,recreation;walk;На месте маленького сквера около Ботанического сада, разбитого на территории сгоревшей усадьбы Леоново, теперь раскинулся грандиозный Сад будущего, который стал одним из самых больших парков в столице.;;kudago;outdoor;0.78;outdoor kind/title signal;2;outdoor
kudago:522;Москва;Парк Горького (ЦПКиО имени Горького);park,attractions,recreation;walk;Двери центрального парка столицы открыты круглосуточно для всех желающих. На его огромной территории сложно заблудиться, но крайне просто найти развлечение на любой вкус — от спортивных площадок до искусства в Музеоне.;ежедневно весь день;kudago;outdoor;0.78;outdoor kind/title signal;2;outdoor
kudago:4074;Москва;Парк птиц «Воробьи»;amusement,kids,park,attractions;walk;Живописный уголок живой природы располагается недалеко от Москвы. Здесь обитает более 2000 видов птиц, собранных со всего мира. Кроме птиц в парке водятся редкие звери, рептилии и млекопитающие.;ежедневно 10:00–17:00;kudago;outdoor;0.78;outdoor kind/title signal;2;outdoor
kudago:3864;Москва;Сиреневый сад;park,attractions;walk;Спокойное и живописное место, идеально подходящее для фотосессий и неспешных прогулок. Сад был открыт в 1964 году на основе питомника, где русский селекционер Леонид Алексеевич Колесников выводил необычные сорта сирени, впоследствии занесённые в международный реестр.;ежедневно 6:00–23:00;kudago;outdoor;0.78;outdoor kind/title signal;2;outdoor
kudago:609;Москва;Третьяковская галерея;museums;museum;В Третьяковской галерее хранится самая крупная в мире коллекция русской живописи, графики и скульптуры: в основанном в 1856 году музее более 180 000 экспонатов.;вт, ср, вс 10:00–18:00, чт–сб 10:00–21:00 (касса: вт, ср, вс 10:00–17:00, чт–сб 10:00–19:00);kudago;indoor;0.92;indoor kind/title signal;2;indoor
kudago:905;Москва;Центр современного искусства «Винзавод»;museums;museum;История московского винзавода насчитывает более двух сотен лет. За это время на его территории успели побывать и пивоварня, и ремесленные мастерские, и винокурня. Сейчас огромный комплекс используется в качестве одной из крупнейших выставочных площадок Москвы.;вт–вс 12:00–20:00;kudago;indoor;0.92;indoor kind/title signal;2;indoor
kudago:936;Москва;Центр современного искусства М'АРС;museums;museum;Центр современного искусства М'АРС — пространство, где искусство встречается с новейшими технологиями, создавая незабываемые впечатления. Один из первых музеев в России, который исследует digital art, VR-искусство и мультимедиа, предлагает не просто выставки, а полное погружение в захватывающий мир зрелищных инноваций.;ежедневно 12:00–22:00;kudago;indoor;0.92;indoor kind/title signal;2;indoor
kudago:5547;Москва;Центр управления полётами;museums,sights;museum;На экскурсии можно посетить Главный зал управления российским сегментом Международной космической станции, понаблюдать за работой специалистов в режиме реального времени и посмотреть увлекательные фильмы о космосе.;;kudago;indoor;0.92;indoor kind/title signal;2;indoor
kudago:48;Москва;Центральный дом художника;art-centers,museums;museum;Центральный дом художника (ЦДХ) — в прошлом самая известная российская выставочная площадка, на которой в наше время располагается филиал Третьяковской галереи.;вт–вс 11:00–20:00;kudago;indoor;0.92;indoor kind/title signal;2;indoor
kudago:26411;Москва;интерактивный музей «Лунариум»;kids,museums;museum;«Лунариум» — это место, где вы самостоятельно сможете провести массу научных опытов, раскрыть секреты чёрных дыр, войти в контакт с инопланетянами, сотворить собственное торнадо и убедиться, что знание рождается из экспериментов и наблюдений.;пн, ср–вс 10:00–21:00;kudago;indoor;0.92;indoor kind/title signal;2;indoor
kudago:478;Москва;музей «Подводная лодка»;museums;museum;«Подводная лодка» — музей, расположенный на настоящей военной субмарине. Здесь можно увидеть обстановку, в которой проходит служба моряков подводного флота, и ощутить себя частью команды.;вт, ср, пт–вс 11:00–19:00, чт 13:00–21:00;kudago;indoor;0.92;indoor kind/title signal;2;indoor
kudago:508;Москва;музей и ресторан «Бункер-42»;amusement,museums,restaurants;food;«Бункер-42» — бывший засекреченный объект в центре столицы. Сейчас на глубине 18 этажей объединились музей, квесты и ресторан с уникальной атмосферой.;ежедневно 10:00–21:00 (кухня: ежедневно 13:00–23:00);kudago;indoor;0.92;indoor kind/title signal;2;indoor
kudago:1501;Москва;музей-панорама «Бородинская битва»;kids,museums;museum;Наиболее полная история Отечественной войны 1812 года, представленная в картинах, документах, литературных экспонатах и колоссальном панорамном полотне «Бородинская битва».;чт 10:00–20:15 (касса: пн–ср, сб, вс 10:00–17:15);kudago;indoor;0.92;indoor kind/title signal;2;indoor
kudago:4098;Москва;парк «Кузьминки»;park,attractions,recreation;walk;В живописном парке «Кузьминки» исторические достопримечательности соседствуют с современными развлечениями. Здесь можно отдохнуть в верёвочном или скейт-парке, весело провести время с семьёй или друзьями на аттракционах или совершить романтическую прогулку на лодке в компании второй половинки.;ежедневно весь день;kudago;outdoor;0.78;outdoor kind/title signal;2;outdoor
kudago:155;Москва;парк Фили (Филёвский парк);kids,park,attractions,recreation;walk;Филёвский парк не зря называют парком активного отдыха. Здесь найдётся развлечение на любой вкус — от скандинавской ходьбы до тибетской гимнастики. Есть пункты проката спортивного инвентаря и безмоторного транспорта, верёвочный парк и даже шахматный домик.;ежедневно весь день;kudago;outdoor;0.78;outdoor kind/title signal;2;outdoor
kudago:515;Москва;ресторан «Счастье на крыше»;restaurants;food;Ресторан петербургской сети занимает два последних этажа в доме на Большом Путинковском переулке.;пн–чт, вс 10:00–0:00, пт, сб 10:00–1:00;kudago;indoor;0.92;indoor kind/title signal;2;indoor
kudago:59;Москва;сад «Эрмитаж»;park,attractions,sights;walk;Сад, ставший одной из ярчайших жемчужин Москвы.;ежедневно весь день;kudago;outdoor;0.78;outdoor kind/title signal;2;outdoor
kudago:31013;Москва;смотровая площадка PANORAMA360 в ММДЦ «Москва-Сити»;amusement,kids,photo-places,attractions,sights;location;PANORAMA360 находится на 89 этаже башни «Федерация. Восток» комплекса «Москва-Сити» и считается самой высокой смотровой площадкой в Европе.;пн–пт 11:00–22:00, сб, вс 10:00–22:00;kudago;outdoor;0.78;outdoor kind/title signal;2;outdoor
kudago:32055;Москва;смотровая площадка «Выше Только Любовь»;photo-places;location;На крыше небоскрёба «ОКО» в «Москва-Сити» расположена уникальная смотровая площадка — «Выше Только Любовь», романтичное место и самая высокая точка в Европе, открытая для туристов. Здесь можно полюбоваться круговой панорамой города с высоты 354 метра, увидеть знакомые места с необычного ракурса и получить незабываемые эмоции.;пн–пт 12:00–23:30, сб, вс 10:00–23:30;kudago;outdoor;0.78;outdoor kind/title signal;2;outdoor
kudago:5138;Москва;смотровая площадка РАН;photo-places,attractions;location;С площадки открывается завораживающий вид на панораму Москвы, Фрунзенскую набережную, памятник Гагарину и другие достопримечательности столицы.;ежедневно весь день;kudago;outdoor;0.78;outdoor kind/title signal;2;outdoor
kudago:5424;Нижний Новгород;Central bar;bar;food;Это территория свободы, где можно окунуться в праздничную атмосферу беззаботности.;ежедневно весь день;kudago;indoor;0.78;indoor kind/title signal;2;indoor
kudago:4273;Нижний Новгород;Архитектурно-этнографический музей-заповедник Щёлоковский хутор;museums,attractions;museum;В музее деревянного зодчества под открытым небом представлены уникальные образцы русской архитектурно-строительной культуры конца XVII—начала ХХ века.;10:00–19:00;kudago;indoor;0.92;indoor kind/title signal;2;mixed
kudago:4545;Нижний Новгород;Ботанический сад Нижегородского государственного университета имени Лобачевского;park,attractions;walk;Ботанический сад является памятником природы регионального значения. Посещение университетского ботанического сада — это увлекательное путешествие по субтропикам Крымского полуострова, дальневосточной тайге и цветущим японским садам.;пн–чт 9:00–17:00, пт 9:00–16:00;kudago;outdoor;0.78;outdoor kind/title signal;2;outdoor
kudago:5533;Нижний Новгород;Верхне-Волжская набережная;attractions;location;В 1834 году по указу императора Николая I была обустроена Верхне-Волжская набережная, выходящая на волжские дали.;;kudago;outdoor;0.78;outdoor kind/title signal;2;outdoor
kudago:1746;Нижний Новгород;Государственный центр современного искусства «Арсенал»;art-centers,museums;museum;Многофункциональный центр для творчества нижегородцев.;вт–вс 12:00–20:00;kudago;indoor;0.92;indoor kind/title signal;2;indoor
kudago:4539;Нижний Новгород;Детский парк имени Свердлова;amusement,kids,park,attractions;walk;Нижегородский парк имени Свердлова некогда был архиерейским садом, а сейчас является настоящей отдушиной для всех жителей центра Нижнего Новгорода.;;kudago;outdoor;0.78;outdoor kind/title signal;2;outdoor
kudago:18884;Нижний Новгород;Дом Сироткина;museums;museum;В доме, ранее принадлежавшему купцу и городскому голове Дмитрию Васильевичу Сироткину, экспонируется богатая коллекция западноевропейского искусства XV—XX веков: живопись, графика, скульптура, фарфор.;вт, ср 10:00–18:00, чт 12:00–20:00, пт–вс 11:00–19:00;kudago;indoor;0.92;indoor kind/title signal;2;indoor
kudago:6543;Нижний Новгород;Дом архитектора;museums;museum;В Доме архитектора на всеобщее обозрение выставляются макеты реконструкции объектов города. Зал заведения рассчитан на 130 мест и отлично подходит для творческих семинаров и обсуждений выставок.;пн–пт 9:00–20:00, сб, вс 10:00–20:00;kudago;indoor;0.92;indoor kind/title signal;2;indoor
kudago:4198;Нижний Новгород;Железнодорожный музей «Паровозы России»;museums,attractions,sights;museum;Экспозиция музея под открытым небом включает в себя 15 экспонатов, увидеть которые можно совершенно бесплатно.;ежедневно 9:00–18:00;kudago;indoor;0.92;indoor kind/title signal;2;indoor
kudago:5534;Нижний Новгород;Канавинский мост;attractions,bridge;location;Ранее на месте моста была наплавная конструкция, которая связывала Нижний Новгород и район нижегородской Ярмарки. И только в апреле 1933 г. было торжественно открыто движение по отстроенному мосту через Оку. Общая протяженность моста — 795,5 м.;;kudago;outdoor;0.78;outdoor kind/title signal;2;outdoor
kudago:5978;Нижний Новгород;Кафе «Штолле»;restaurants;food;Кафе воссоздает атмосферу и вкус пирогов начала ХХ века. Внутренний интерьер пересекается с интерьерами городов России конца XIX - начала XX века. Двери из массива, дубовый паркет, кожаные диваны, люстры из латуни и цвета отделок природных тонов.;пн–пт 8:30–20:30, сб, вс 9:00–21:00;kudago;indoor;0.92;indoor kind/title signal;2;indoor
kudago:23820;Нижний Новгород;Музей «Терем русского самовара»;museums;museum;Городецкий дом с резными наличниками выглядит волшебно снаружи и не обманывает ожиданий тех, кто решил заглянуть внутрь — в сказочном тереме гостей ждёт знакомство с внушительной коллекцией русских самоваров.;вт–пт 10:00–17:00, сб, вс 10:00–16:00;kudago;indoor;0.92;indoor kind/title signal;2;indoor
kudago:23815;Нижний Новгород;Музей занимательных наук «Кварки»;kids,museums;museum;Научный эксперимент, закон физики, химическая реакция... Знакомые со школы слова навевают на вас скуку? Значит, вы точно не бывали в музее занимательных наук.;ежедневно 10:00–19:00;kudago;indoor;0.92;indoor kind/title signal;2;indoor
kudago:6847;Нижний Новгород;Музей науки «Нижегородская радиолаборатория»;museums,attractions;museum;В уникальном музее дети и их родители могут окунуться в захватывающую историю теле- и радиооткрытий.;пн–пт 10:00–17:00;kudago;indoor;0.92;indoor kind/title signal;2;indoor
kudago:6538;Нижний Новгород;Музей-квартира Горького;museums;museum;Музей был основан в 1971 году в нижегородской квартире семьи Пешковых. В экспозиции представлено более 1,5 тысяч мемориальных предметов.;вт, ср, пт–вс 9:00–17:00 (касса: вт, ср, пт–вс 9:00–16:30);kudago;indoor;0.92;indoor kind/title signal;2;indoor
kudago:34824;Нижний Новгород;НГХМ | Зарубежное искусство;museums;museum;Работы Огюста Ренуара, Бернардо Белотто, Якоба Йорданса и других знаменитых западноевропейских мастеров из коллекции Нижегородского художественного музея представлены в роскошном особняке купца Дмитрия Сироткина.;вт, ср 10:00–18:00, чт 12:00–20:00, пт–вс 11:00–19:00;kudago;indoor;0.92;indoor kind/title signal;2;indoor
kudago:34825;Нижний Новгород;НГХМ | Искусство XX века;museums;museum;Современное выставочное пространство с интересными выставками и познавательными лекциями в самом сердце Нижнего Новгорода.;вт, ср 10:00–18:00, чт 12:00–20:00, пт–вс 11:00–19:00;kudago;indoor;0.92;indoor kind/title signal;2;indoor
kudago:34823;Нижний Новгород;НГХМ | Русское искусство;museums;museum;Русское искусство в коллекции НГХМ представлено особенно широко. С богатым национальным наследием познакомят постоянные экспозиции и временные выставки в Доме губернатора.;вт, ср 10:00–18:00, чт 12:00–20:00, пт–вс 11:00–19:00;kudago;indoor;0.92;indoor kind/title signal;2;indoor
kudago:5531;Нижний Новгород;Набережная Федоровского;attractions;location;На тихой набережной располагается памятник Максиму Горькому — его бронзовая фигура любуется панорамой волжских далей. Автор памятника — Иван Шмагун.;;kudago;outdoor;0.78;outdoor kind/title signal;2;outdoor
kudago:931;Нижний Новгород;Нижегородский Театр Юного Зрителя (ТЮЗ);theatre;museum;Один из старейших ТЮЗов страны открыл свои двери для зрителей ещё в 1928 году.;касса: ежедневно 10:00–19:00;kudago;indoor;0.78;indoor kind/title signal;2;indoor
kudago:4311;Нижний Новгород;Нижегородский государственный академический театр драмы имени Горького;theatre;museum;Славные традиции старейшего нижегородского театра живут в современных спектаклях и продолжают радовать нижегородцев и гостей нашего города.;ежедневно 10:00–22:00;kudago;indoor;0.78;indoor kind/title signal;2;indoor
kudago:1775;Нижний Новгород;Нижегородский государственный академический театр оперы и балета имени Пушкина;theatre;museum;Театр основан в 1931 году, изначально назывался Горьковский театр оперы и балета. Здесь зрителям предлагают программу из ставших классикой спектаклей в Нижнем Новгороде.;касса: ежедневно 9:30–19:00;kudago;indoor;0.78;indoor kind/title signal;2;indoor
kudago:4147;Нижний Новгород;Нижегородский государственный художественный музей;museums;museum;Нижегородский государственный художественный музей — один из старейших музеев России. В коллекции музея — образцы классического русского и западноевропейского искусства.;вт, ср 10:00–18:00, чт 12:00–20:00, пт–вс 11:00–19:00;kudago;indoor;0.92;indoor kind/title signal;2;indoor
kudago:4272;Нижний Новгород;Нижегородский музей связи;museums;museum;Экспозиция технического музея посвящена развитию радио, телевидения и телефонной связи.;пн–пт 9:00–16:00;kudago;indoor;0.92;indoor kind/title signal;2;indoor
kudago:1600;Нижний Новгород;Памятник «Ложка вкуса»;attractions,sights;location;Единственный в России памятник вкусу.;;kudago;outdoor;0.78;outdoor kind/title signal;2;outdoor
kudago:23823;Нижний Новгород;Памятник Громозеке;attractions;location;Памятник Громозеке отлично вписывается в ряды необычных скульптур сказочных героев, которые можно встретить по всему миру.;;kudago;outdoor;0.78;outdoor kind/title signal;2;outdoor
kudago:5372;Нижний Новгород;Памятник объявлению;attractions;location;Памятник объявлению — это памятник целой эпохе, когда именно через настенные объявления можно было что-либо продать, купить или обменять.;;kudago;outdoor;0.78;outdoor kind/title signal;2;outdoor
kudago:1714;Нижний Новгород;Памятник пятаку;attractions,sights;location;Здесь можно загадывать желания — они точно сбудутся.;;kudago;outdoor;0.78;outdoor kind/title signal;2;outdoor
kudago:4542;Нижний Новгород;Парк «Дубки»;park,attractions,recreation;walk;Название парку было дано неспроста — вся территория сада занята дубовой рощей. «Дубки» — самый безлюдный парк Нижнего Новгорода. По его дорожкам любят гулять романтические парочки и те, кто ищет уединения.;;kudago;outdoor;0.78;outdoor kind/title signal;2;outdoor
kudago:4538;Нижний Новгород;Парк «Швейцария»;amusement,park,attractions;walk;Парк «Швейцария», основанный в 1903 году, идеально подходит как для семейного отдыха, так и для прогулок с друзьями. В парке расположен одноимённый зоопарк и развлекательные аттракционы.;ежедневно 5:00–22:00;kudago;outdoor;0.78;outdoor kind/title signal;2;outdoor
kudago:4544;Нижний Новгород;Парк имени Пушкина;park,attractions,recreation;walk;Городской ландшафтный парк культуры и отдыха имени Александра Сергеевича Пушкина — тихое и спокойное место для неспешных променадов по аллеям и размышлений о вечном под сенью столетних берёз.;;kudago;outdoor;0.78;outdoor kind/title signal;2;outdoor
kudago:34916;Нижний Новгород;Развлекательный центр Smile Park;amusement,kids,photo-places;location;В самом центре Нижнего Новгорода, на Большой Покровской, открылся уникальный парк аттракционов, в котором объединились игры, кино и современное искусство. Сюда можно прийти с друзьями или всей семьёй — без позитивных эмоций не останется ни один гость!;пн–пт 11:00–22:00, сб, вс 10:00–22:00;kudago;outdoor;0.78;outdoor kind/title signal;2;outdoor
kudago:6125;Нижний Новгород;Ресторан «Рыба & крабы»;restaurants;food;Средиземноморский ресторан с господствующими цветами зала — белый и голубой. В этом месте сделан легкий итальянский акцент: прозрачные двери, лаванда на подоконниках, на потолке изображение карты мореплавателей, лодка на входе, различные антикварные вещицы и сундук с сокровищами. Шум прибоя для полноты ощущений гармонично прививается ненавязчивыми джазовыми мелодиями.;ежедневно 12:00–0:00;kudago;indoor;0.92;indoor kind/title signal;2;indoor
kudago:4158;Нижний Новгород;Русский музей фотографии;museums;museum;Русский музей фотографии — один из самых интересных музеев Нижнего Новгорода. Он был создан в 1992 году и располагается в доме, в котором в своё время жили пионеры русской фотографии — Андрей Осипович Карелин и Максим Петрович Дмитриев.;вт–вс 11:00–19:00 (касса: вт–вс 11:00–18:00);kudago;indoor;0.92;indoor kind/title signal;2;indoor
kudago:4459;Нижний Новгород;Театр музыкально-пластической драмы «Преображение»;kids,theatre;museum;Синтез музыки, света, цвета и пластики создает в зрительном зале атмосферу мистерии.;вс 15:00–16:00 (касса: ср 17:30–18:30, сб 17:00–18:00, вс 10:00–11:00);kudago;indoor;0.78;indoor kind/title signal;2;indoor
kudago:34713;Нижний Новгород;Технический музей;museums;museum;Одно из самых богатых собраний старинной техники, инструментов и электроприборов в Нижнем Новгороде. Больше 2000 экспонатов найдены и отреставрированы коллекционером Вячеславом Хуртиным.;вт–вс 11:00–18:00;kudago;indoor;0.92;indoor kind/title signal;2;indoor
kudago:5559;Нижний Новгород;Центральный фонтан на площади Минина и Пожарского;attractions,fountain;location;Открытие фонтана состоялось в октябре 1847 года, он был освящен и стал централизованным источником водоснабжения. Сегодня это современно оснащенный фонтан, излюбленное место отдыха горожан и гостей города.;;kudago;outdoor;0.78;outdoor kind/title signal;2;outdoor
kudago:35001;Нижний Новгород;выставочное пространство Terminal A;art-centers,museums;museum;Terminal A — уникальный проект, объединивший в себе концептуальное пространство для выставок, открытую школу искусств для всех, а также огромную библиотеку. Здесь вы окунётесь в мир современного искусства, творчества и даже сможете стать его частью.;ср–пт 14:00–20:00, сб, вс 12:00–20:00;kudago;indoor;0.92;indoor kind/title signal;2;indoor
kudago:5575;Нижний Новгород;галерея «АРТфоника»;art-centers,education-centers;museum;Галерея объединяет творческий союз молодых и талантливых энтузиастов. АРТфоника — это полигон для арт-проектов в ходе которых передается симфония идей и гармония настроений.;ежедневно 9:00–21:00;kudago;indoor;0.78;indoor kind/title signal;2;indoor
kudago:34501;Нижний Новгород;галерея кукол «Хрупкие мечты»;museums;museum;Окунуться в мир беззаботного детства и увидеть самую крупную в Европе коллекцию фарфоровых кукол, созданных немецкой мастерицей Хильдегард Гюнцель, приглашает галерея «Хрупкие мечты» в Нижнем Новгороде.;пн–пт 12:00–17:00, сб, вс 12:30–17:00;kudago;indoor;0.92;indoor kind/title signal;2;indoor
kudago:23519;Нижний Новгород;караоке-клуб «Опера»;restaurants,bar;food;Здесь гармонично соединились изысканная атмосфера клуба и по-домашнему комфортная обстановка. Гостей порадуют авторским блюдами, а также русскими, европейскими и азиатским угощениями. Качественное караоке-оборудование позволит любому желающему почувствовать себя звездой.;пн–чт, вс 17:00–5:00, пт, сб 17:00–6:00;kudago;indoor;0.92;indoor kind/title signal;2;indoor
kudago:7041;Нижний Новгород;кафе Black Bat;restaurants;food;Кафе вмещает одновременно до 40 гостей. Здесь вы найдете все, что нужно для отличного отдыха и приятного проведения досуга: Wi-Fi, телевидение. В зале играет приятная и расслабляющая фоновая музыка. Для маленьких посетителей предусмотрена специальная детская страничка в меню. Настоящие ценители спорта могут посмотреть любимые трансляции на большом экране.;Вс-чт 11:00-23:00, пт-сб: 11:00-01:00;kudago;indoor;0.92;indoor kind/title signal;2;indoor
kudago:5695;Нижний Новгород;кафе «Адель»;restaurants;food;Посетив кафе «Адель» в центре города вы окунетесь в мир шарма и утонченности. Удивительный интерьер создавался для самых требовательных клиентов. Идеальное место для романтического ужина на двоих и деловой встречи в непринужденной обстановке.;ежедневно 11:00–23:00;kudago;indoor;0.92;indoor kind/title signal;2;indoor
kudago:6666;Нижний Новгород;кафе «Золотой век»;restaurants;food;Уютное местечко с оригинальным названием «Золотой век» расположено возле ТЦ «Жанто». Уникальный стильный дизайн и вежливое обслуживание позволяют посетителям чувствовать себя на высоте и расслабиться.;ежедневно 12:00–2:00;kudago;indoor;0.92;indoor kind/title signal;2;indoor
kudago:7107;Нижний Новгород;кафе «Мегаполис»;restaurants;food;Большой зал кафе способен вместить 170 человек. Оригинальный интерьер дополнен уютными диванами и красивой сервировкой столов. Шеф-повар приготовит для вас разнообразные блюда европейской кухни.;Вт-чт и вс 12:00-00:00;;;;;;indoor
kudago:5593;Нижний Новгород;кафе «Папаша Билли»;restaurants;food;У «Папаши Билли» два зала — один выполнен в стиле американского вагончика, второй — в духе ковбойского салуна.;пн–чт, вс 12:00–0:00, пт, сб 12:00–2:00;kudago;indoor;0.92;indoor kind/title signal;2;indoor
kudago:5679;Нижний Новгород;кафе «Престиж»;restaurants;food;Дорогие дамы и господа! Уютное кафе с домашней атмосферой и отличным обслуживающим персоналом приглашает вас на вкусную кухню.;ежедневно 11:00–23:00;kudago;indoor;0.92;indoor kind/title signal;2;indoor
kudago:27609;Нижний Новгород;кафе «Селёдка и кофе»;restaurants;food;Вот уж где можно по-настоящему вкусно пообедать или поужинать: в меню заведения огромный выбор закусок, горячего, выпечки, бургеров и других изысков по демократичным ценам.;пн–чт, вс 10:00–1:00, пт, сб 10:00–3:00;kudago;indoor;0.92;indoor kind/title signal;2;indoor
kudago:22481;Нижний Новгород;кафе «Та самая шаурма на Средном»;restaurants;food;Хрустящий лаваш, мясо с дымком, и повар, который знает, как из этих компонентов сделать настоящую вкусную «ту самую» шаурму. В 2012 году заведение было удостоено премии «Кормилец года», а еще количество посетителей в год здесь уже перевалило за отметку миллион.;ежедневно весь день;kudago;indoor;0.92;indoor kind/title signal;2;indoor
kudago:21300;Нижний Новгород;кафе «Хачапури тётушки Марико»;restaurants;food;Весь кулинарный колорит яркой и гостеприимной Грузии в одном ресторане. И, конечно, фирменное кавказское гостеприимство.;пн–чт, вс 12:00–0:00, пт, сб 12:00–2:00;kudago;indoor;0.92;indoor kind/title signal;2;indoor
kudago:5844;Нижний Новгород;кафе-пекарня «Осетинские пироги» на Сормовском шоссе;restaurants;food;Пекарня выпекает осетинские пироги по старинным традиционным рецептам, в которых используются только свежие и полезные для здоровья продукты из Северной Осетии. Вас ожидает большой выбор начинок – мясных, сырных, овощных. Настоящие и вкусные пироги удовлетворят самые взыскательные вкусы.;ежедневно 8:00–20:00;kudago;indoor;0.92;indoor kind/title signal;2;indoor
kudago:6959;Нижний Новгород;памятник Петру Нестерову;attractions;location;Памятник Петру Нестерову воздвигнут в 1987 году, в год столетия со дня его рождения. Он расположен рядом с памятником выдающемуся летчику Валерию Чкалову на Верхне-Волжской набережной Нижнего Новгорода.;;kudago;outdoor;0.78;outdoor kind/title signal;2;outdoor
kudago:6501;Нижний Новгород;ресторан «IL Патио»;restaurants;food;Отличное обслуживание, уютная обстановка с итальянским гостеприимством делают ресторан местом, в котором можно приятно провести время с близкими людьми, коллегами по работе и с семьей.;ежедневно 11:00–0:00;kudago;indoor;0.92;indoor kind/title signal;2;indoor
kudago:7139;Нижний Новгород;ресторан «Бурлак»;restaurants;food;Ресторан расположен на территории гостиницы Волна. Здесь можно провести мероприятия абсолютно разного формата и масштаба – от свадебного торжества до корпоративной вечеринки.;ежедневно 7:00–23:00;kudago;indoor;0.92;indoor kind/title signal;2;indoor
kudago:6263;Нижний Новгород;ресторан «Меркурий»;restaurants;food;Ресторан находится на 2 этаже исторического здания. В этом месте вы сможете попробовать разнообразные блюда по приемлемой цене.;Пн-вс: 10:00-18:00;kudago;indoor;0.92;indoor kind/title signal;2;indoor
kudago:6168;Нижний Новгород;ресторан «Погребок Шато»;restaurants;food;В этом месте вас ждет бескомпромиссное качество, подобающая атмосфера и разнообразное меню для любого случая: день рождения, деловая встреча или ужин с друзьями.;ежедневно 12:00–0:00;kudago;indoor;0.92;indoor kind/title signal;2;indoor
kudago:6230;Нижний Новгород;ресторан «Робинзон»;restaurants;food;"Почти в центре города на живописном берегу Волги, распахнул свои двери ресторан ""Робинзон"". Уютное двухэтажное заведение размещает три абсолютно разных зала. Летом для комфортного отдыха открыта терраса.";ежедневно 12:00–2:00;kudago;indoor;0.92;indoor kind/title signal;2;indoor
kudago:27708;Нижний Новгород;семейное кафе «Смородина»;restaurants;food;В уютной домашней обстановке посетители могут отведать по-настоящему вкусные блюда русской или европейской кухни.;пн–чт, вс 9:00–23:00, пт, сб 10:00–2:00;kudago;indoor;0.92;indoor kind/title signal;2;indoor
kudago:3871;Санкт-Петербург;Playloft GaGa;amusement,anticafe;food;Пространство открыто сетью игровых магазинов GaGaGames.;пн–чт, вс 12:00–23:00, пт, сб 12:00–6:00;kudago;indoor;0.65;food category fallback;2;indoor
kudago:113;Санкт-Петербург;«Лофт Проект Этажи»;art-centers,museums;museum;«Лофт Проект Этажи» — арт-пространство на пяти этажах, первый выставочный проект подобного рода в Санкт-Петербурге.;ежедневно 10:00–22:00;kudago;indoor;0.92;indoor kind/title signal;2;indoor
kudago:1713;Санкт-Петербург;Антикафе «12 комнат»;coworking,anticafe;food;Пространство для отдыха, общения или работы в центре Петербурга.;ежедневно 10:00–6:00;kudago;indoor;0.65;food category fallback;2;indoor
kudago:7023;Санкт-Петербург;Антикафе-клуб «Мансарда»;anticafe;food;Уютное место в центре Санкт-Петербурга, где можно провести хоть романтическое свидание, хоть шумный праздник.;ежедневно 12:00–23:30;kudago;indoor;0.65;food category fallback;2;indoor
kudago:674;Санкт-Петербург;Арт-клуб «Книги и кофе»;art-centers,restaurants;food;Команда клуба-кафе «Книги и кофе» считает место особенным. А всё потому, что оно объединяет несколько форматов. Вы будете удивлены многообразию концертов, литературных вечеров, кинопоказов, выставок, неожиданных перформансов и театральных постановок, которые проходят на одной площадке!;ежедневно 10:00–22:00;kudago;indoor;0.92;indoor kind/title signal;2;indoor
kudago:43;Санкт-Петербург;Ботанический сад Петра Великого;photo-places,attractions;location;Ботанический сад Петра Великого — один из старейших в России. Здесь вы увидите почти 8 000 растений со всех уголков земного шара.;вт–вс 10:00–17:30;kudago;outdoor;0.78;outdoor kind/title signal;2;outdoor
kudago:198;Санкт-Петербург;Дворцовая площадь;attractions,sights;location;За несколько столетий площадь успела стать свидетелем истории города и символом его торжественной красоты.;;kudago;outdoor;0.78;outdoor kind/title signal;2;outdoor
kudago:1156;Санкт-Петербург;Зоологический музей Зоологического института РАН;museums;museum;Зоологический музей Санкт-Петербурга, расположенный на Стрелке Васильевского острова, является одним из крупнейших естественнонаучных музеев мира. История музея началась в 1832 году, в основу его экспозиции легли зоологические коллекции Кунсткамеры. Музей входит в структуру Зоологического института Российской академии наук, научные фонды которого насчитывают 60 миллионов единиц хранения.;пн, ср–вс 11:00–19:00 (касса: пн, ср–вс 11:00–18:00);kudago;indoor;0.92;indoor kind/title signal;2;indoor
kudago:1127;Санкт-Петербург;Кафе «Саквояж беременной шпионки»;restaurants,attractions,sights;food;«Саквояж беременной шпионки» — интересное заведение, в котором эффектно смешались элементы чёрного юмора, ретростиля и эротики.;пн–чт 11:00–1:00, пт 11:00–2:00, сб 12:00–2:00, вс 12:00–1:00;kudago;indoor;0.92;indoor kind/title signal;2;indoor
kudago:602;Санкт-Петербург;Кафе и музей «Республика кошек и котов»;amusement,kids,museums,restaurants;food;Причудливое место, объединяющее в себе арт-кафе, музей, выставочное пространство, клуб и маленький кошачий рай. Заведение всячески способствует дружескому общению животных и человека.;ежедневно 10:00–22:00;kudago;indoor;0.92;indoor kind/title signal;2;indoor
kudago:1297;Санкт-Петербург;Кофейня «БольшеКофе!»;restaurants;food;Уютная кофейня, спрятавшаяся в самом настоящем гроте.;пн–пт 9:00–23:00, сб, вс 10:00–23:00;kudago;indoor;0.92;indoor kind/title signal;2;indoor
kudago:693;Санкт-Петербург;Кунсткамера;museums;museum;Один из первых из русских музеев, основанный в 1714 году Петром I.;вт–вс 10:00–18:00;kudago;indoor;0.92;indoor kind/title signal;2;indoor
kudago:628;Санкт-Петербург;Летний сад;attractions,sights;location;Летний сад, один из символов Петербурга, неоднократно воспетый поэтами, является целиком произведением искусства, творением гения и рук человеческих. Первоначально он был задуман как место для летнего отдыха императора Петра Алексеевича.;пн, ср–вс 10:00–20:00;kudago;outdoor;0.78;outdoor kind/title signal;2;outdoor
kudago:11477;Санкт-Петербург;Мастерская Аникушина;kids,museums,photo-places,attractions,sights;museum;Мастерская знаменитого советского мастера приглашает всех, кто хочет поближе познакомиться с искусством создания скульптуры. Вас ждут выставки, мастер-классы и интерактивы для посетителей любого возраста.;ср 12:00–21:00, чт–вс 12:00–19:00;kudago;indoor;0.92;indoor kind/title signal;2;indoor
kudago:2376;Санкт-Петербург;Михайловский (Инженерный) замок;museums,attractions;museum;Дворцовый комплекс, построенный в стиле романического классицизма, рассматривался императором Павлом I в качестве парадной резиденции, но после печальных событий 1801 года замок утратил свою значимость.;пн, ср–вс 10:00–19:00;kudago;indoor;0.92;indoor kind/title signal;2;indoor
kudago:3633;Санкт-Петербург;Музей Арктики и Антарктики;museums;museum;Крупнейший музей, посвящённый исследованию крайних северных и южных широт.;ср, сб, вс 10:00–18:00, чт 12:00–20:00;kudago;indoor;0.92;indoor kind/title signal;2;indoor
kudago:32511;Санкт-Петербург;Музей Магии;amusement,kids,museums,sights;museum;В одном из самых волшебных музеев Петербурга дети и взрослые погружаются в мир чудес и впечатлений. Здесь гостей ждут необычные старинные экспонаты, разоблачение трюков известных фокусников и уникальное иллюзионное шоу. В кафе можно попробовать волшебные напитки, а в магической лавке — приобрести реквизит начинающего фокусника.;ежедневно 10:00–21:00;kudago;indoor;0.92;indoor kind/title signal;2;indoor
kudago:31231;Санкт-Петербург;Музей Теней;museums,art-space;museum;Музей Теней — не имеющее аналогов арт-пространство, где на языке света и тени зрителям рассказывают удивительную историю Петербурга, а также предоставляют возможность увидеть себя и всё окружающее с неожиданной стороны.;ежедневно 11:00–22:00;kudago;indoor;0.92;indoor kind/title signal;2;indoor
kudago:118;Санкт-Петербург;Музей артиллерии, инженерных войск и войск связи;museums;museum;850 000 экспонатов — свидетельства неувядающей славы русского оружия.;вт–вс 10:00–18:00;kudago;indoor;0.92;indoor kind/title signal;2;indoor
kudago:945;Санкт-Петербург;Музей истории религии;museums;museum;Музей истории религии является единственным в стране и одним из немногих в мире культурных учреждений, во всех деталях рассказывающих о зарождении, развитии и особенностях разных религий.;пн, чт–вс 10:00–18:00, вт 13:00–21:00;kudago;indoor;0.92;indoor kind/title signal;2;indoor
kudago:398;Санкт-Петербург;Музей истории фотографии;museums,photo-places;museum;Уникальная коллекция фотоснимков, техники для печати и аппаратов для работы фотохудожников.;вт–сб 13:00–17:00;kudago;indoor;0.92;indoor kind/title signal;2;indoor
kudago:754;Санкт-Петербург;Музей кошки;kids,museums;museum;Человек давно подружился с кошкой, она стала домашней любимицей. Но всё ли мы о ней знаем? Музей кошки во Всеволожске раскроет многие тайны из жизни этого милого зверька.;вт–чт 11:00–18:00, пт–вс 12:00–18:00;kudago;indoor;0.92;indoor kind/title signal;2;indoor
kudago:1033;Санкт-Петербург;Музей связи;kids,museums;museum;От сигнального костра до передачи информации силой мысли — в музее представлены все существующие на сегодняшний день способы связи.;вт–вс 10:30–18:00 (касса: вт–вс 10:30–17:30);kudago;indoor;0.92;indoor kind/title signal;2;indoor
kudago:322;Санкт-Петербург;Музей сновидений Зигмунда Фрейда;museums;museum;Знаете, что общего между теорией относительности Альберта Эйнштейна, моделью атома Эрнеста Резерфорда, периодической таблицей Дмитрия Менделеева, пьесой Александр Грибоедова «Горе от ума», романом Роберта Льюиса Стивенсона «Остров Сокровищ» и симфонической поэмой Камиля Сен-Санса «Пляски Смерти»?;вт, сб, вс 12:00–15:45;kudago;indoor;0.92;indoor kind/title signal;2;indoor
kudago:6107;Санкт-Петербург;Музей советских игровых автоматов;kids,museums;museum;Интерактивный музей, в основе которого — экспонаты советской индустрии развлечений.;ежедневно 11:00–21:00;kudago;indoor;0.92;indoor kind/title signal;2;indoor
kudago:12100;Санкт-Петербург;Музей современного искусства «Артмуза»;museums,attractions,sights;museum;«Артмуза» — один из крупнейших арт-центров в Петербурге. В 2013 году помещения бывшего завода музыкальных инструментов «Муздеталь» изысканно превратились в музей современного искусства. Теперь это культурное место для творчества и отдыха жителей и гостей Северной столицы.;ежедневно 11:00–22:00;kudago;indoor;0.92;indoor kind/title signal;2;indoor
kudago:157;Санкт-Петербург;Музей современного искусства Эрарта;amusement,museums;museum;От музея современного искусства ожидаешь чего-то новаторского. В Эрарте можно встретиться как с классическими жанрами, так и со смелыми экспериментами в технике и воплощении.;пн, ср–вс 11:00–23:00;kudago;indoor;0.92;indoor kind/title signal;2;indoor
kudago:615;Санкт-Петербург;Музейно-выставочный центр «Росфото»;museums,photo-places;museum;Пространство для хранения и демонстрации фоторабот талантливых мастеров.;ежедневно 11:00–21:00;kudago;indoor;0.92;indoor kind/title signal;2;indoor
kudago:4088;Санкт-Петербург;Павловский парк;park,attractions,recreation;walk;Говорят, что Бог создал человека по своему образу и подобию. Глядя на Павловский парк, понимаешь, что человек действительно может быть подобен Богу в своих творениях.;ежедневно 7:00–23:00;kudago;outdoor;0.78;outdoor kind/title signal;2;outdoor
kudago:362;Санкт-Петербург;Парк 300-летия Санкт-Петербурга;park,attractions,recreation;walk;Открытая территория с просторным пляжем, тенистыми аллеями и чистым морским воздухом. Находится непосредственно рядом с Финским заливом.;ежедневно весь день;kudago;outdoor;0.78;outdoor kind/title signal;2;outdoor
kudago:4083;Санкт-Петербург;Парк Екатерингоф;attractions,sights;location;Тихий уголок в шумном городе, пока ещё не тронутый багоустройством. Трава, пруд с лодками и лошади. Прекрасное место, чтобы уединиться, почитать или подумать.;ежедневно весь день;kudago;outdoor;0.78;outdoor kind/title signal;2;outdoor
kudago:3498;Санкт-Петербург;Петербургский планетарий;kids,museums,sights;museum;Планетарий Санкт-Петербурга — отличное место для отдыха с детьми. Двигайтесь от «летающей тарелки» — вестибюля метро «Горьковская» — по аллее вглубь Александровского сада и вскоре будете у цели.;вт–вс 10:30–19:30;kudago;indoor;0.92;indoor kind/title signal;2;indoor
kudago:30485;Санкт-Петербург;Планетарий № 1;museums,attractions,sights;museum;В «Планетарии № 1» каждый может соприкоснуться с космосом. Купол нового планетария представляет собой гигантский экран. Изображение на него передают сорок мощных проекторов. Особая наклонная конструкция купола позволяет посетителям делать впечатляющие кадры на фоне звёзд и галактик.;ежедневно 10:00–22:00;kudago;indoor;0.92;indoor kind/title signal;2;indoor
kudago:1262;Санкт-Петербург;Поцелуев мост;attractions,sights;location;Поцелуев мост — романтическое место для влюблённых, овеянное мифами и постоянно вдохновляющее петербургских художников.;;kudago;outdoor;0.78;outdoor kind/title signal;2;outdoor
kudago:700;Санкт-Петербург;Пышечная на Большой Конюшенной;restaurants;food;Универсальное петербургское место, где можно подкрепиться, — это пышечная. Самая известная пышечная — на Большой Конюшенной. Там почти всегда многолюдно, но ностальгия по советскому прошлому обеспечена — как горячими пышками, так и аутентичным интерьером.;пн–пт 9:00–20:00, сб, вс 10:00–20:00;kudago;indoor;0.92;indoor kind/title signal;2;indoor
kudago:1991;Санкт-Петербург;Ресторан Terrassa;restaurants;food;Ресторан расположен на одном из самых высоких зданий в центре города. С его просторной террасы открывается захватывающий вид на Северную Венецию. Здесь можно заказать блюдо любой кухни мира, а зимой — даже покататься на коньках.;пн–чт 11:00–0:00, пт 11:00–1:00, сб 12:00–1:00, вс 12:00–0:00;kudago;indoor;0.92;indoor kind/title signal;2;indoor
kudago:513;Санкт-Петербург;Ресторан-фондю «Чердак художника»;art-centers,restaurants;food;Атмосферный «Чердак художника» расположился в одноимённой галерее современного искусства. Здесь вы можете попробовать фондю, которые готовят из разных комбинаций сыров: каждый купаж обладает неповторимым вкусом. А ещё полюбоваться панорамными видами города и пообщаться с творческими людьми.;ежедневно 12:00–23:00;kudago;indoor;0.92;indoor kind/title signal;2;indoor
kudago:1225;Санкт-Петербург;Российский этнографический музей;museums;museum;Богатое музейное собрание рассказывает о культуре и традициях разных народов России и близлежащих стран.;вт 10:00–21:00, ср–вс 10:00–18:00 (касса: вт 10:00–20:00, ср–вс 10:00–17:00);kudago;indoor;0.92;indoor kind/title signal;2;indoor
kudago:425;Санкт-Петербург;Русский музей;museums;museum;Русский музей — первый в стране государственный музей русского изобразительного искусства, коллекция которого насчитывает 400 000 экспонатов и представляет историю культуры более чем за тысячу лет.;пн, ср–вс 10:00–20:00;kudago;indoor;0.92;indoor kind/title signal;2;indoor
kudago:2812;Санкт-Петербург;Сад дружбы;attractions,sights;location;Россия и Китай — соседи, а соседям надо жить дружно.;;kudago;outdoor;0.78;outdoor kind/title signal;2;outdoor
kudago:813;Санкт-Петербург;Таврический сад;park,attractions,recreation;walk;Один из исторических памятников садово-паркового искусства в Санкт-Петербурге.;ежедневно 5:30–0:00;kudago;outdoor;0.78;outdoor kind/title signal;2;outdoor
kudago:1163;Санкт-Петербург;Центральный военно-морской музей;museums;museum;Федеральный статус, 300-летний возраст и коллекция, включающая более 700 000 экспонатов, позволяют этому музею считаться одним из крупнейших в мире.;пн, ср–вс 10:00–18:00;kudago;indoor;0.92;indoor kind/title signal;2;indoor
kudago:581;Санкт-Петербург;Шуваловский парк;park,attractions,sights,recreation;walk;Таинственный парк, о котором знают далеко не все жители Северной столицы.;ежедневно весь день;kudago;outdoor;0.78;outdoor kind/title signal;2;outdoor
kudago:2050;Санкт-Петербург;Экспозиционно-выставочный комплекс «Вселенная Воды»;kids,museums;museum;Петербург — город рек и каналов. Но мало кто задумывается о колоссальных размерах водной артерии, которая скрыта под землёй. Об истории водопровода, системе водоснабжения Северной столицы и воде в целом рассказывают интерактивные экспозиции комплекса «Вселенная воды».;ср–вс 10:00–18:00 (касса: ср–вс 10:00–17:30);kudago;indoor;0.92;indoor kind/title signal;2;indoor
kudago:10838;Санкт-Петербург;аптека-музей доктора Пеля;kids,museums;museum;Аптека XIX века на Васильевском острове — кладезь необычных экспонатов и увлекательных историй. В музее проводятся экскурсии, а дети могут почувствовать себя настоящими алхимиками и принять участие в мастер-классах.;ежедневно 11:00–20:00 (касса: ежедневно 11:00–19:30);kudago;indoor;0.92;indoor kind/title signal;2;indoor
kudago:1343;Санкт-Петербург;арт-центр «Пушкинская-10»;art-centers,museums;museum;История «Пушкинской-10» началась в конце 1980-х годов, когда в одном из ленинградских домов возник сквот, объединивший неформальных музыкантов, художников и других представителей андеграундной тусовки.;ср–пт 16:00–20:00, сб, вс 12:00–20:00;kudago;indoor;0.92;indoor kind/title signal;2;indoor
kudago:10767;Санкт-Петербург;галерея Anna Nova;art-centers,museums;museum;Галерея формирует взгляды на современное искусство с 2005 года. Здесь проводятся не только выставки, но и мастер-классы, лекции и творческие встречи.;вт–вс 12:00–20:00;kudago;indoor;0.92;indoor kind/title signal;2;indoor
kudago:33504;Санкт-Петербург;криптозоологический музей «Бестиарий»;amusement,kids,museums,sights;museum;Хотите увидеть доказательства существования русалок, кентавров и циклопов, встретиться с единорогом и фейри, узнать, чем вольпертингер отличается от обычного кролика? В музее «Бестиарий» для гостей открывается удивительный мир, сотворить который помогли новейшие материалы в создании декораций и мультимедийные технологии.;ежедневно 11:00–21:00;kudago;indoor;0.92;indoor kind/title signal;2;indoor
kudago:989;Санкт-Петербург;музей железных дорог России;museums;museum;Музей железных дорог России — один из крупнейших в Европе. На 57 000 квадратных метров расположились 123 единицы подвижного состава и 44 мультимедийные и интерактивные инсталляции. В музее проходят экскурсии и детские программы, а ещё здесь любой желающий сможет почувствовать себя машинистом благодаря реалистичному тренажёру.;пн, чт–вс 10:00–18:00, ср 12:30–20:30;kudago;indoor;0.92;indoor kind/title signal;2;indoor
kudago:1052;Санкт-Петербург;ресторан «Мансарда»;restaurants;food;Из окон ресторана открывается невероятный панорамный вид на Исаакиевский собор и исторический центр Петербурга.;ежедневно 12:00–1:00;kudago;indoor;0.92;indoor kind/title signal;2;indoor
kudago:19138;Сочи;Зимний театр;theatre;museum;Одна из самых известных культурных площадок юга страны. Здесь традиционно проходят такие знаковые события, как кинофестиваль «Кинотавр», конкурс «Молодой балет мира», фестиваль «Театральный Олимп в Сочи» и многие другие масштабные мероприятия.;ежедневно 10:00–20:00;kudago;indoor;0.78;indoor kind/title signal;2;indoor
kudago:7923;Сочи;Морская набережная;attractions,sights;location;Широкая и удобная Морская набережная окружена многими значимыми местам и является излюбленным местом для прогулок сочинцев и гостей курортного города.;;kudago;outdoor;0.78;outdoor kind/title signal;2;outdoor
kudago:4286;Сочи;Парк им. М. В. Фрунзе;park,attractions;walk;На территории старинного парка располагается летний театр — единственный в мире, подобных шедевров архитектурного искусства среди театральных сооружений открытого типа больше нет.;;kudago;outdoor;0.78;outdoor kind/title signal;2;outdoor
kudago:25793;Сочи;Чайхона №1;restaurants;food;Полюбившийся москвичам ресторан узбекской кухни теперь есть и в Сочи.;ежедневно 12:00–0:00;kudago;indoor;0.92;indoor kind/title signal;2;indoor
kudago:8083;Сочи;арт-кафе «Дача Босса»;restaurants,attractions,sights;food;Вы привыкли к тому, что на даче копают картошку и пропалывают грядки? Значит, вы еще не побывали на «Даче Босса».;пн–чт, вс 12:00–2:00, пт, сб 12:00–5:00;kudago;indoor;0.92;indoor kind/title signal;2;indoor
kudago:8123;Сочи;кафе «Пузатая хата»;restaurants;food;Образец южного гостеприимства.;ежедневно 9:00–0:00;kudago;indoor;0.92;indoor kind/title signal;2;indoor
kudago:22665;Сочи;кафе–кондитерская «Прага»;restaurants;food;Кафе, которое пользуется популярностью у сочинских сладкоежек не первый десяток лет.;ежедневно 9:30–0:00;kudago;indoor;0.92;indoor kind/title signal;2;indoor
kudago:8629;Сочи;клуб «Море»;restaurants,clubs;food;Это заведение расположено в прибрежной зоне, так что его посетители всегда могут полюбоваться на бегущие волны и подышать свежим бризом. Днем здесь подают различные закуски и прохладительные напитки, а ближе к ночи закатывают грандиозные вечеринки с коктейлями, зажигательной музыкой и шоу-программами.;ежедневно 20:00–6:00;kudago;indoor;0.92;indoor kind/title signal;2;indoor
kudago:21129;Сочи;ночной бар Сocos;bar;food;Тематическое заведение, которое успешно совмещает в себе арт-площадку, ночной клуб, коктейль-бар и ресторан экзотической кухни.;вт–чт, вс 18:00–3:00, пт, сб 18:00–4:00;kudago;indoor;0.78;indoor kind/title signal;2;indoor
kudago:8378;Сочи;ресторан Sea Zone;restaurants;food;Ресторан состоит из двух частей: открытой площадки, которая примыкает к пляжу, и крытого зала, расположенного на набережной.;ежедневно 10:00–2:00;kudago;indoor;0.92;indoor kind/title signal;2;indoor
kudago:27713;Сочи;ресторан SeaZone;restaurants;food;Особенность этого заведения — собственный пляж, а потому гости могут обедать или ужинать прямо на берегу Чёрного моря.;ежедневно 9:00–2:00;kudago;indoor;0.92;indoor kind/title signal;2;indoor
kudago:8383;Сочи;ресторан «Синее Море»;restaurants;food;В стильном интерьере ресторана присутствует романтика морских путешествий. По красоте, масштабам и изысканности отделки заведение напоминает кают-компанию элитного океанского лайнера, который пришвартован к пляжу Сочи. Ресторан состоит из четырех комфортабельных уровней.;ежедневно 12:00–2:00;kudago;indoor;0.92;indoor kind/title signal;2;indoor
kudago:8541;Сочи;ресторан «Хрустальный»;restaurants;food;Грандиозный ресторан «Хрустальный» с панорамным видом на парк, бассейн и море расположен в главном холле Гранд Отеля «Жемчужина».;ежедневно 8:00–20:00;kudago;indoor;0.92;indoor kind/title signal;2;indoor
kudago:28552;Сочи;сеть суши-студий «Имбирь»;restaurants,shops;food;Небольшие заведения сети расположены в разных районах города, поэтому если вы едите суши часто и с удовольствием, то вам сюда. Цены не кусаются, качество радует, а для ленивых предусмотрена доставка на дом.;ежедневно 10:00–23:00;kudago;indoor;0.92;indoor kind/title signal;2;indoor
kudago:4259;Сочи;театр–студия «Замок на песке»;theatre;museum;Драматическая театральная студия, художественный руководитель — Лариса Коростелева.;ежедневно 10:00–19:00;kudago;indoor;0.78;indoor kind/title signal;2;indoor
kudago:8489;Сочи;теремок «Жили-Были…»;restaurants;food;Все прелести кавказского гостеприимства можно ощутить в кафе «Теремок «Жили-Были…».;ежедневно 9:00–23:00;kudago;indoor;0.92;indoor kind/title signal;2;indoor
kudago:22380;Сочи;центр «Кайлас»;restaurants,attractions;food;Центр здоровья и долголетия, где можно не только позаниматься йогой, но и просто выпить чаю.;;kudago;indoor;0.92;indoor kind/title signal;2;indoor
