id,city,title,kinds,category_kind,description,opening_hours,source,auto_environment,auto_confidence,auto_reason,review_priority,manual_environment
kudago:1620,Выборг,Библиотека Алвара Аалто,"library,attractions",location,"Это здание — одно из чудес мировой архитектуры, шедевр раннего скандинавского функционализма.","пн–пт 11:00–19:00, сб 12:00–19:00",kudago,unknown,0.0,no reliable signal,0,
kudago:1617,Выборг,Городской рынок,attractions,location,Памятник архитектуры в стиле северный модерн,,kudago,unknown,0.0,no reliable signal,0,
kudago:1555,Выборг,Парк-эспланада,"park,attractions",walk,"«Эспланадой» называют пустошь перед крепостью: вплоть до середины девятнадцатого века на этом месте высились валы Выборгской крепости. Затем их срыли, а на их месте разбили парк.",,kudago,unknown,0.0,no reliable signal,0,outdoor
kudago:9764,Выборг,лыжная база на Батарейной горе,"park,attractions,recreation",walk,"Лыжная база на Батарейной горе выдает напрокат популярное зимнее снаряжение – лыжи разных типов в комплекте с ботинками, финские сани, санки-ледянки и «ватрушки».",ежедневно 10:00–18:00,kudago,unknown,0.0,no reliable signal,0,outdoor
otm:N454043204,Екатеринбург,300 лет Российскому флоту,"historic,monuments_and_memorials,interesting_places,monuments",location,,,opentripmap,unknown,0.0,no reliable signal,0,
kudago:5031,Екатеринбург,«Плотинка»,"attractions,sights",location,"Удивительное место, где происходит только самое интересное в жизни горожан — здесь назначают свидания влюблённые парочки, сюда же приезжают на фотосессии счастливые молодожёны.",,kudago,unknown,0.0,no reliable signal,0,
kudago:6825,Екатеринбург,Аллея культуры,"attractions,recreation",location,Городская аллея расположена недалеко от центра Екатеринбурга.,,kudago,unknown,0.0,no reliable signal,0,
kudago:5970,Екатеринбург,Аллея невест,"park,photo-places,attractions",walk,Территория аллеи — идеальное место для романтических прогулок и свадебных фотосессий. Особенно популярна Аллея невест в тёплое время года — благоухающие цветы и зелёные кроны деревьев становятся прекрасными декорациями для прогулок и церемоний.,,kudago,unknown,0.0,no reliable signal,0,outdoor
kudago:35241,Екатеринбург,Белая Башня,attractions,location,Один из самых узнаваемых памятников конструктивизма в Екатеринбурге.,,kudago,unknown,0.0,no reliable signal,0,
otm:Q4114839,Екатеринбург,Вознесенская горка,"historic,historical_places,interesting_places,historic_districts",location,"Вознесе́нская го́рка — историческое место Екатеринбурга, представляющее собой возвышенность в центре города. Названо по имени Вознесенской церкви, расположенной в верхней точке холма.Горка расположена в левобережной части Екатеринбурга, имеет высоту 270 м над уровнем моря. Геологически сложена габбро и перидотитами, окруженными сланцами, порфиритами и их туфами. Площадь на вершине горы носила название Вознесенской, в советские годы бала переименована в площадь Народной мести, позднее — в Комсомольскую. На площади был установлен монумент Уральскому Комсомолу.",,opentripmap,unknown,0.0,no reliable signal,0,
kudago:5105,Екатеринбург,Ганина Яма,"monastery,attractions",location,"В середине XIX века здесь была шахта, её хозяин Гавриил (по прозвищу Ганя) наделся добыть в руднике золото, но кроме железа там ничего не оказалось. В народе это место назвали «Ганиной ямой», тогда даже подумать никто не мог, что шахта будет местом паломничества для православных христиан со всего мира.",Пн-вс 06:00 до 21:00,kudago,unknown,0.0,no reliable signal,0,
kudago:21788,Екатеринбург,Городок чекистов,"attractions,sights,other",location,"Здесь просто не могут не происходить загадочные вещи, ведь в подвалах расположенных здесь зданий работало НКВД. А в позапрошлом столетии на этом месте было кладбище.",,kudago,unknown,0.0,no reliable signal,0,
kudago:33023,Екатеринбург,Дом Маклецкого,art-space,museum,"Здание с арочными окнами и лепными наличниками на улице Тургенева сложно не заметить. Больше, чем за век жизни этого дома, он успел побывать семейным гнёздышком четы Маклецких, городским судом и больницей. Теперь здесь расположился креативный кластер и центр городских практик.",ежедневно 12:00–21:00,kudago,unknown,0.0,no reliable signal,0,
kudago:5110,Екатеринбург,Коляда-Театр,theatre,museum,"Николай Коляда — уральский актёр, режиссёр и драматург. В 2001 году в Екатеринбурге открылся частный театр, где артист по сей день выступает в роли художественного руководителя.",касса: ежедневно 10:00–20:00,kudago,unknown,0.0,no reliable signal,0,indoor
kudago:20134,Екатеринбург,Литературный квартал,"park,attractions,sights",walk,"Своеобразный парк, объединивший в себе несколько музеев, основной особенностью которых является старинный деревянный стиль и резные элементы — здесь можно перенестись на несколько столетий назад.",,kudago,unknown,0.0,no reliable signal,0,outdoor
kudago:5112,Екатеринбург,Обелиск «Европа — Азия»,attractions,location,"Урал находится на границе двух частей света — Европы и Азии. В Свердловской области установили обелиск, символизирующий эту границу.",,kudago,unknown,0.0,no reliable signal,0,
otm:N2315711566,Екатеринбург,Паровоз,"historic,monuments_and_memorials,interesting_places,monuments",location,,,opentripmap,unknown,0.0,no reliable signal,0,
otm:N2315711565,Екатеринбург,Паровоз Черепановых,"historic,monuments_and_memorials,interesting_places,monuments",location,,,opentripmap,unknown,0.0,no reliable signal,0,
kudago:5309,Екатеринбург,Свердловская государственная академическая филармония,concert-hall,museum,Одна из лучших филармоний России.,"пн–пт 10:00–20:00, сб, вс 11:00–18:00",kudago,unknown,0.0,no reliable signal,0,indoor
kudago:5101,Екатеринбург,Улица Вайнера,attractions,location,"Пешеходная улица Вайнера находится в центре города, местные жители гордо называют её екатеринбургским Арбатом.",,kudago,unknown,0.0,no reliable signal,0,
kudago:5687,Екатеринбург,Храм Рождества Христова на Уралмаше,"attractions,temple",location,Это первый вновь построенный храм Русской Церкви Екатеринбурга со времён революции 1917 года. Сегодня Церковь Рождества Христова — один из самых крупных приходов Екатеринбургской епархии.,,kudago,unknown,0.0,no reliable signal,0,
otm:N4806963459,Екатеринбург,Цветы,"other,unclassified_objects,interesting_places,tourist_object",location,,,opentripmap,unknown,0.0,no reliable signal,0,
kudago:21550,Екатеринбург,заброшенная Дорожная больница,"attractions,sights,other",location,В нескольких корпусах бывшей больницы с 2010 года царит полное запустение.,,kudago,unknown,0.0,no reliable signal,0,
kudago:22971,Екатеринбург,здание Свердловского городского совета народных депутатов,attractions,location,Типичное для своей эпохи здание напоминает архитектурные шедевры Москвы и Петербурга.,,kudago,unknown,0.0,no reliable signal,0,
kudago:35917,Екатеринбург,квест-перформанс «Адский бункер»,questroom,location,"Жуткие научные эксперименты, путешествия во времени и нераскрытые тайны — вместе со своей командой вы погрузитесь в страшные секреты загадочного бункера, которые, возможно, будут стоить вам жизни.",ежедневно 1:00–23:30,kudago,unknown,0.0,no reliable signal,0,
kudago:36039,Екатеринбург,квест-перформанс «Визит»,questroom,location,"Желание помогать пожилым людям всегда похвально. Но что, если вы натолкнётесь на тех, кто лишь скрывается за маской доброты? Сможете ли вы помочь тому, кто нуждается в спасении, сохранив при этом собственную жизнь?",ежедневно 1:30–23:59,kudago,unknown,0.0,no reliable signal,0,
kudago:35916,Екатеринбург,квест-перформанс «Игра со смертью»,questroom,location,"Ужасные опыты, страшные существа и покинутый всеми ребёнок — об этом месте ходят леденящие кровь легенды. Сможете ли вы осмелиться проникнуть в заброшенную ветлечебницу и раскрыть её мрачные тайны?",ежедневно 11:30–22:00,kudago,unknown,0.0,no reliable signal,0,
kudago:36087,Екатеринбург,квест-перформанс «Кровавый ритуал»,questroom,location,"Интригующий сюжет, мистическая атмосфера и качественная актёрская игра — вас ждёт захватывающий перфоманс в жанре хоррора, наполненный тайнами и загадками.",ежедневно 0:00–22:30,kudago,unknown,0.0,no reliable signal,0,
kudago:36037,Екатеринбург,квест-перформанс «Лавка мясника»,questroom,location,"Безжалостные каннибалы, пронзительные крики и атмосфера страха — вас ждёт леденящая кровь борьба за выживание в духе классических американских фильмов ужасов.",ежедневно 1:00–23:50,kudago,unknown,0.0,no reliable signal,0,
kudago:35918,Екатеринбург,квест-перформанс «Людоед»,questroom,location,"Квест разработан специально для поклонников хорроров о маньяках и тру-крайма (историй настоящих преступлений). Перед вами разверзнутся врата в настоящий ад на земле, в котором люди не знают эмпатии и ради удовольствия мучают себе подобных.",ежедневно 1:00–23:30,kudago,unknown,0.0,no reliable signal,0,
kudago:35911,Екатеринбург,квест-перформанс «Незваные гости»,questroom,location,"В советское время вера в потустороннее порицалась, но люди всё равно продолжали верить в приметы. Эта история докажет: мистические сущности находятся гораздо ближе, чем вы можете себе представить.",ежедневно 12:00–23:59,kudago,unknown,0.0,no reliable signal,0,
kudago:35986,Екатеринбург,квест-перформанс «Ночной кошмар»,questroom,location,"Ночные прогулки по лесу могут быть крайне опасными, и квест покажет вам один из самых ужасных вариантов развития событий.",,kudago,unknown,0.0,no reliable signal,0,
kudago:35987,Екатеринбург,квест-перформанс «Обитель зла: Деревня»/Resident Evil: Village,questroom,location,"Квест по мотивам легендарной видеоигры погрузит вас в удивительный мир, где реальность переплетается с фантазией, куклы следят за каждым вашим шагом, а стены хранят множество секретов.",ежедневно 0:40–23:30,kudago,unknown,0.0,no reliable signal,0,
kudago:36149,Екатеринбург,квест-перформанс «Одни из нас»/The Last of Us,questroom,location,"Ужасные монстры из знаменитой компьютерной игры проникнут в вашу реальность. Уже неважно, готовы ли ко встречи с ними, ведь у вас нет иного выхода, кроме как выжить любой ценой в условиях апокалипсиса.","пн–пт 11:30–23:45, сб, вс 11:30–1:30",kudago,unknown,0.0,no reliable signal,0,
kudago:36407,Екатеринбург,квест-перформанс «Перевал Дятлова»,questroom,location,"Участники квеста-хоррора попадают в музей, связанный с катастрофой группы Дятлова. Но вскоре понимают, что это вовсе не музей.",ежедневно 0:00–22:30,kudago,unknown,0.0,no reliable signal,0,
kudago:35910,Екатеринбург,квест-перформанс «Полтергейст»,questroom,location,"Дом с леденящим душу прошлым и призраки, чудовищным образом уносящие жизни, — квест погрузит вас в атмосферу мистики и откроет дверь в мир необъяснимых явлений и жутких существ.",ежедневно 0:30–23:00,kudago,unknown,0.0,no reliable signal,0,
kudago:36133,Екатеринбург,квест-перформанс «Последнее представление»,questroom,location,"Жуткий перфоманс об обезумевшем клоуне взбудоражит кровь любителей хорроров интригующим сюжетом, занимательными загадками и актёрской игрой.",ежедневно 1:20–23:59,kudago,unknown,0.0,no reliable signal,0,
kudago:35985,Екатеринбург,квест-перформанс «Псарня»,questroom,location,"Безжалостный психопат и стая агрессивных собак — ужасная компания, с которой лучше никогда не встречаться. Однако квест поместит вас в логово именно такого маньяка. Чтобы спаси свою жизнь, вам предстоит сбежать из западни, миновав его жестоких питомцев.",,kudago,unknown,0.0,no reliable signal,0,
kudago:36095,Екатеринбург,квест-перформанс «Сайлент Хилл: Комната»/Silent Hill: The Room,questroom,location,"Маленький городок с ужасающей историей накроет вас своей мрачной атмосферой и откроет дверь в мир оживших кошмаров. Вы станете частью леденящего кровь перфоманса, созданного по мотивам знаменитой компьютерной хоррор-игры.",ежедневно 0:15–22:30,kudago,unknown,0.0,no reliable signal,0,
kudago:36130,Екатеринбург,квест-перформанс «Сайлент Хилл»,questroom,location,"Атмосфера знаменитой хоррор-игры, интересные загадки и интригующий сюжет — квест сделает вас главными героями ужасающей вселенной Сайлент Хилла и откроет тёмные тайны забытого городка.",ежедневно 1:20–23:59,kudago,unknown,0.0,no reliable signal,0,
kudago:35915,Екатеринбург,квест-перформанс «Сверхъестественное»,questroom,location,"Примерить на себя роли легендарных борцов с нечистью и открыть дверь в мир сверхъестественного вы сможете, приняв участие в мистическом квесте по мотивам одноимённого сериала.",ежедневно 0:30–23:00,kudago,unknown,0.0,no reliable signal,0,
kudago:35989,Екатеринбург,квест-перформанс «Совершенно другой»,questroom,location,"Старинный дом, хранящий множество секретов, и жуткие городские байки о его хозяине — вы примите участие в увлекательном квесте с интересными заданиями и элементами мистики и экшена.",ежедневно 1:30–23:59,kudago,unknown,0.0,no reliable signal,0,
kudago:21557,Екатеринбург,мельница Борчанинова-Первушина,"attractions,sights,other",location,"Удивительная постройка начала XX века: мельница, которая больше похожа на замок, нежели на предприятие.",,kudago,unknown,0.0,no reliable signal,0,
kudago:6035,Екатеринбург,спортивный комплекс «Уктус»,"attractions,recreation",location,"Уктусский лесопарк в Чкаловском районе Екатеринбурга — довольно популярное место отдыха. Сюда приходят покататься на велосипедах и квадроциклах, пожарить шашлыки и отдохнуть в удобных беседках.",ежедневно 10:00–21:00,kudago,unknown,0.0,no reliable signal,0,
kudago:6918,Екатеринбург,улица Сакко и Ванцетти,attractions,location,"Бывшая Усольцевская улица, а ныне улица имени Сакко и Ванцетти расположена в центре Екатеринбурга.",,kudago,unknown,0.0,no reliable signal,0,
kudago:7989,Казань,Александровский пассаж,"attractions,sights",location,Настоящее архитектурное чудо Казани конца XIX века — Александровский пассаж — потрясает своим внешним убранством.,,kudago,unknown,0.0,no reliable signal,0,
kudago:4156,Казань,Апанаевская мечеть,attractions,location,"Мечеть, получившая своё название в честь содержавших её в XVIII веке купцов Апанаевых, является одним из старейших культовых сооружений города.",ежедневно 7:30–20:00,kudago,unknown,0.0,no reliable signal,0,
kudago:7688,Казань,Башня Сююмбике,"attractions,sights",location,Знаменитая в Татарстане башня несколько сотен лет клонится к земле и не падает.,ежедневно весь день,kudago,unknown,0.0,no reliable signal,0,
kudago:33893,Казань,Болгар,"amusement,attractions,sights",location,"Болгар — идеальное направление для тех, кто интересуется историей и любит проводить время на природе. Рассказываем, чем заняться в этом древнем городе, который часто называют «северной Меккой».",,kudago,unknown,0.0,no reliable signal,0,
kudago:8384,Казань,Варваринская церковь,"attractions,sights,temple,church",location,Церковь была построена в период 1779-1780 годов на месте загородного дома губернатора Кудрявцева.,,kudago,unknown,0.0,no reliable signal,0,
kudago:8133,Казань,Государственный Большой концертный зал имени Сайдашева,concert-hall,museum,Главная концертная сцена столицы Татарстана является ведущим центром музыкальной жизни Казани.,ежедневно 10:00–19:00,kudago,unknown,0.0,no reliable signal,0,indoor
kudago:22952,Казань,Дом Ушковой,"library,attractions",location,"Здание, в котором сейчас находится национальная библиотека Татарстана, имеет богатую историю — когда-то оно принадлежало чете Ушковых, Алексею и Зинаиде.",,kudago,unknown,0.0,no reliable signal,0,
kudago:8918,Казань,Закабанная мечеть,attractions,location,Построена мечеть в честь тысячелетия принятия ислама на территории Поволжья.,,kudago,unknown,0.0,no reliable signal,0,
kudago:8002,Казань,Казанская ратуша,"attractions,sights",location,Белоснежного цвета особняк был возведён в центре Казани специально для Дворянского собрания.,,kudago,unknown,0.0,no reliable signal,0,
kudago:22953,Казань,Мергасовский дом,attractions,location,"Здание, которое горожане теперь используют для тематических фотосессий, а власти постоянно пытаются снести, вообще-то является архитектурным шедевром своего времени.",,kudago,unknown,0.0,no reliable signal,0,
kudago:8752,Казань,Скамейка влюблённых,attractions,location,"Скамейка влюблённых в парке на Петербургской улице — интересный арт-объект, совместивший эстетические и практические функции.",,kudago,unknown,0.0,no reliable signal,0,
kudago:8100,Казань,Спасская башня Казанского Кремля,"attractions,sights",location,"Башня является памятником древнерусского оборонительного зодчества, возведена она в XVI веке одновременно со стенами Кремля.",,kudago,unknown,0.0,no reliable signal,0,
kudago:7698,Казань,Старо–татарская слобода,attractions,location,Исторический комплекс достопримечательностей располагается между казанским озером Нижний Кабан и проточным каналом Булак.,,kudago,unknown,0.0,no reliable signal,0,
kudago:8163,Казань,Стела Универсиады 2013,"attractions,sights",location,В 2013 году впервые за 40 лет Россия приняла Универсиаду — международные спортивные состязания студентов. В честь этого события на Оренбургском тракте появился разноцветный символ Универсиады-2013.,,kudago,unknown,0.0,no reliable signal,0,
kudago:7948,Казань,Храм всех религий,"attractions,sights,temple",location,Уникальный архитектурный памятник и последнее произведение художника-гуманиста.,ежедневно 9:00–18:00,kudago,unknown,0.0,no reliable signal,0,
kudago:7705,Казань,Юбилейная арка,"park,attractions",walk,"Памятник архитектуры, сооруженный в 1888 году, сейчас входит в состав целого паркового ансамбля.",,kudago,unknown,0.0,no reliable signal,0,outdoor
kudago:8381,Казань,водный канал «Булак»,attractions,location,"Небольшая речка отделяет верхнюю часть города Казани от нижней, ее название произошло от татарского слова «болак».",,kudago,unknown,0.0,no reliable signal,0,
kudago:21892,Казань,дендрарий,"park,attractions",walk,История заповедника началась в 1921 году. Сейчас это хорошо развитый дендрарий с множеством растений различного вида и типа.,вт–вс 10:00–17:00,kudago,unknown,0.0,no reliable signal,0,outdoor
kudago:8196,Казань,дом Шамсутдинова,attractions,location,Двухэтажное здание в историческом центре Казани построено в 1898 году по заказу местного мещанина Шакирзяна Шамсутдинова.,,kudago,unknown,0.0,no reliable signal,0,
kudago:4155,Казань,мечеть Кул Шариф,attractions,location,"Главная мечеть республики Татарстан, которая находится на территории Казанского Кремля.",,kudago,unknown,0.0,no reliable signal,0,
kudago:17415,Казань,татарская филармония имени Габдуллы Тукая,concert-hall,museum,Главная концертная площадка республики.,ежедневно 10:00–19:00,kudago,unknown,0.0,no reliable signal,0,indoor
kudago:34667,Казань,творческая лаборатория «Угол»,"sights,theatre",museum,"Современные театральные постановки, перформасны с участием горожан, увлекательные лекции по искусству — всё это в творческой лаборатории «Угол».",,kudago,unknown,0.0,no reliable signal,0,indoor
kudago:7693,Казань,улица Баумана,"attractions,sights",location,"Одна из красивейших улиц Казани, которую многие сравнивают с московским Арбатом.",,kudago,unknown,0.0,no reliable signal,0,
kudago:7710,Казань,улица Карла Маркса,"attractions,sights",location,"Одна из старейших улиц Казани названа в честь немецкого политического деятеля, экономиста и философа Карла Маркса, в период празднования его столетия.",,kudago,unknown,0.0,no reliable signal,0,
kudago:7925,Казань,улица Петербургская,"attractions,sights",location,"Эта улица является логическим продолжением пешеходной улицы Баумана, в советские времена она носила имя революционера Свердлова, сегодня это улица Петербургская.",,kudago,unknown,0.0,no reliable signal,0,
kudago:36164,Казань,центр ремёсел Абый&Сабый,"amusement,kids,sights,workshops,education-centers",location,"В самом сердце города, в Казанском кремле, находится творческое пространство, где можно познакомиться с традиционными ремёслами. Для гостей проводят увлекательные мастер-классы и театрализованные экскурсии, на которых будет интересно и детям, и взрослым.",,kudago,unknown,0.0,no reliable signal,0,
kudago:7982,Казань,центр семьи «Казан»,"palace,attractions",location,"Лето 2013 года ознаменовалось многими значимыми событиями для Казани, одно из которых — открытие нового дворца бракосочетания, аналогов которому нет в мире.",вт–сб 8:00–17:00,kudago,unknown,0.0,no reliable signal,0,
kudago:34752,Казань,экстрим-парк «УРАМ»,"kids,park,art-space",museum,"В экстрим-парке «УРАМ» объединились спорт и творчество. Здесь можно кататься на скейтборде и танцевать, заниматься паркуром и слушать лекции об искусстве, учить новые трюки на велосипеде и заниматься музыкой.",ежедневно 10:00–22:00,kudago,unknown,0.0,no reliable signal,0,outdoor
kudago:20855,Краснодар,«Нейлоновый» двор,attractions,location,"Сегодня этот двор выглядит почти так, как сорок лет назад, когда здесь снимали злободневную комедию «Нейлон 100%». Тогда здесь гуляли Леонид Куравлёв, Евгений Евстигнеев, Наталья Крачковская и другие звёзды советского кинематографа.",,kudago,unknown,0.0,no reliable signal,0,
kudago:21991,Краснодар,аэроклуб «Свободный»,"attractions,sights",location,"Аэроклуб, который не ставит перед собой цель заработать деньги. Здесь можно увидеть мир с высоты птичьего полёта, заплатив относительно небольшую сумму.",,kudago,unknown,0.0,no reliable signal,0,
kudago:22982,Краснодар,курорт Темрюк,"attractions,sights",location,"Климатический курорт, который расположен к западу от Краснодара. Славится своими лечебными грязями, рыбалкой и охотой.",,kudago,unknown,0.0,no reliable signal,0,
kudago:15395,Красноярск,Татышев-парк,"kids,park,attractions,recreation",walk,"Татышев-парк — это прогулки по тенистым аллеям, прекрасные виды на реку, свежий воздух, велопробеги, пляж и многочисленные спортивные площадки. Это место рассчитано на отдыхающих любых возрастов. Если вы собираетесь сюда с ребёнком, наденьте ему на ноги комфортную летнюю обувь, которой не страшны ни влага, ни песок.",,kudago,unknown,0.0,no reliable signal,0,outdoor
kudago:19128,Красноярск,дом ученых,"culture,attractions",location,"Известный центр, где собирается научная интеллигенция и проводятся самые интересные культурные мероприятия для ученых и жителей города.",пн–пт 9:00–18:00,kudago,unknown,0.0,no reliable signal,0,
kudago:15077,Красноярск,часовня великомученицы Параскевы Пятницы,"attractions,church",location,"Практически из любой точки можно увидеть городской символ, украшающий верхушку горы под названием Караульная — белокаменную часовню, названную именем Параскевы Пятницы, с золоченым куполом.",,kudago,unknown,0.0,no reliable signal,0,
kudago:21472,Красноярск,эко-парк «Адмирал»,"park,attractions",walk,"Площадка для активного загородного отдыха, которая предлагает развлечения для своих гостей круглый год. Здесь можно кататься на водных лыжах и катере, наслаждаться бассейном и баней, проводить время на берегу залива Шумиха. Детям несомненно понравится парк аттракционов в виде сказочного замка. Отправляясь на прогулку, подумайте о головных уборах для защиты от солнца: у воды оно особенно сильно печёт.",,kudago,unknown,0.0,no reliable signal,0,outdoor
kudago:270,Москва,Аптекарский огород,"park,attractions",walk,"Розовый лёд, черепахи, магнолия, ананасы — и всё это в центре города.",пн–вс 10:00–19:00,kudago,unknown,0.0,no reliable signal,0,outdoor
kudago:10673,Москва,Воробьёвы горы,"park,attractions,sights",walk,"Место, где бывал Шаляпин, где смотрел на зеркальную фабрику Пётр I, где начинался первый водопровод, где находится главный университет России. Место, которое существует уже 150 000 000 лет.",ежедневно весь день,kudago,unknown,0.0,no reliable signal,0,outdoor
kudago:4922,Москва,Генератор Аркадьева-Маркса или «Катушка Тесла»,"photo-places,attractions,sights",location,"Место, в котором рождаются искусственные молнии и облака.",,kudago,unknown,0.0,no reliable signal,0,outdoor
kudago:38,Москва,Дизайн завод,"art-centers,attractions,sights",museum,"Креативный кластер вырос в целый район благодаря постоянному взаимодействию с горожанами, созданию живого творческого сообщества и внимательному выбору резидентов.",ежедневно весь день,kudago,unknown,0.0,no reliable signal,0,
kudago:6409,Москва,Источник Преподобного Сергия Радонежского,"attractions,sights",location,"Для православных паломников Гремячий ключ — свидетельство чудотворной силы одного из самых чтимых на Руси святых. Для светских туристов и любителей природы — изменчивая в своём облике и характере достопримечательность Подмосковья, источник неизменно чистой воды. А вокруг — плоды труда, вдохновлённого верой.",,kudago,unknown,0.0,no reliable signal,0,
kudago:7896,Москва,Лопатинский рудник,"photo-places,attractions,sights",location,"В Воскресенском районе, в окрестностях посёлка Фосфоритный располагается одно из самых необычных и экзотических мест Подмосковья — Лопатинский рудник.",,kudago,unknown,0.0,no reliable signal,0,outdoor
kudago:851,Москва,Останкинская телебашня,"attractions,sights",location,"Останкинская телебашня — одна из главных достопримечательностей Москвы и символ отечественного телерадиовещания. Здесь проводят экскурсии с подъёмом на высоту более трёхсот метров, а уникальный мультимедийный комплекс знакомит посетителей с устройством этого удивительного сооружения.",ежедневно 9:00–21:00,kudago,unknown,0.0,no reliable signal,0,
kudago:4439,Москва,Патриаршие пруды,attractions,location,"Здесь всё дышит мистикой, загадкой и стариной. Именно здесь повстречались несчастные Берлиоз, Бездомный и легендарный Воланд. Знаете, как почувствовать дух старой Москвы?",,kudago,unknown,0.0,no reliable signal,0,
kudago:37,Москва,Серебряный бор,"park,attractions",walk,"Место с красивой легендой в названии, загадочной историей происхождения и хорошей репутацией в настоящем. Для замотанных москвичей круглогодичные экологические возможности Серебряного бора — на вес золота. Сюда вырываются из суеты мегаполиса ради размеренного или активного отдыха на природе.",ежедневно весь день,kudago,unknown,0.0,no reliable signal,0,outdoor
kudago:5125,Москва,Триумфальная арка,"attractions,sights",location,Триумфальная арка Москвы — символ мужества русского народа.,,kudago,unknown,0.0,no reliable signal,0,
kudago:26935,Москва,Фондовая оранжерея Главного ботанического сада имени Цицина РАН «Московские тропики»,"park,attractions",walk,Это место — возможность абстрагироваться от шума и суеты мегаполиса и совершить неспешную прогулку по садам и лесам разных стран и континентов.,"вт, ср, пт–вс 10:00–17:00, чт 10:00–14:00",kudago,unknown,0.0,no reliable signal,0,outdoor
kudago:484,Москва,Чайный дом на Мясницкой,"shops,attractions",location,"Китайский островок на Мясницкой улице — это известный чайный магазин Перлова, история которого началась ещё в позапрошлом веке.",ежедневно 10:00–20:00,kudago,unknown,0.0,no reliable signal,0,
kudago:5921,Москва,Эйфелева башня в Москве,"kids,attractions,sights",location,"Вы можете поехать в Париж и отстоять огромную очередь, чтобы посетить главную его достопримечательность — великолепную Эйфелеву башню. А можете просто сесть в метро и, не выезжая за пределы МКАД, прикоснуться к точной её копии.",ежедневно весь день,kudago,unknown,0.0,no reliable signal,0,
kudago:7135,Москва,арт-парк «Никола-Ленивец»,"kids,park,attractions,sights",walk,"Арт-парк «Никола-Ленивец» — прекрасная возможность провести чудесные выходные недалеко от Москвы! Природа, удивительные арт-объекты, рестораны, активный отдых и уютный ночлег — всё это есть в парке.",,kudago,unknown,0.0,no reliable signal,0,outdoor
kudago:3795,Москва,водопад Радужный,"attractions,sights",location,Центральная Россия — край водопадов! Не верите? А зря.,ежедневно весь день,kudago,unknown,0.0,no reliable signal,0,
kudago:18778,Москва,креативное пространство «Люмьер-Холл»,"coworking,attractions,sights,cinema",location,"В креативном пространстве «Люмьер-Холл» благодаря мультимедийным выставкам оживают полотна великих мастеров, ценители кинематографа получают удовольствие от тематических кинопоказов, а на концертах и фестивалях кипит яркая, современная, полная впечатлений жизнь.",ежедневно 11:00–23:00,kudago,unknown,0.0,no reliable signal,0,
kudago:30758,Москва,лаунж-бар «Гамачная №1 Ёжик в тумане»,"attractions,sights",location,"Неоновые рисунки на стенах, атмосфера жаркого тропического острова, уютные гамаки и ультрафиолетовое освещение — яркий бар с причудливым дизайном готов перевернуть ваши представления о комфортном отдыхе.","пн–чт 12:00–3:00, пт–вс 12:00–6:00",kudago,unknown,0.0,no reliable signal,0,
kudago:5135,Москва,район Китай-город,"attractions,sights",location,Если вы хотите посмотреть самые красивые исторические места Москвы — вам в Китай-город.,,kudago,unknown,0.0,no reliable signal,0,
kudago:15006,Москва,яблоневые сады в Коломенском парке,"park,attractions,sights",walk,"В последний месяц весны, который медленно перетекает в жаркое московское лето, нет в городе места тише, красивее и приятнее, чем яблоневые сады, расположенные в парке Коломенское.",ежедневно весь день,kudago,unknown,0.0,no reliable signal,0,outdoor
kudago:6843,Нижний Новгород,Дом Дворянского собрания,"culture,attractions",location,В 1785 году императрицей Екатериной II были утверждены привилегии дворянства для каждой губернии располагать своим Дворянским собранием и местом для общих собраний.,,kudago,unknown,0.0,no reliable signal,0,
kudago:5543,Нижний Новгород,Дом Каменских,attractions,location,Особняк семейства Каменских был построен в 1914 году по проекту петербургского архитектора Бориса Коршунова.,,kudago,unknown,0.0,no reliable signal,0,
kudago:21540,Нижний Новгород,Куйбышевская водокачка,"attractions,other",location,"Неподалёку от центра города находится мрачная изъеденная временем башня, которая является любимой локацией для фотосессий в готическом стиле, памятником исторического значения и просто интересным местом для любителей изучать старинные разрушенные здания.",,kudago,unknown,0.0,no reliable signal,0,
kudago:1207,Нижний Новгород,Нижегородская Филармония имени Ростроповича,concert-hall,museum,Полное название: Нижегородская Государственная Академическая филармония имени Мстислава Ростроповича.,касса: ежедневно 10:00–19:00,kudago,unknown,0.0,no reliable signal,0,indoor
kudago:4727,Нижний Новгород,Нижегородский планетарий имени Георгия Гречко,"kids,observatory,attractions",location,"Нижегородский планетарий — один из первых цифровых планетариев в России. Здесь проходят полнокупольные программы, действуют музей и обсерватория, проводятся экскурсии и мастер-классы для гостей всех возрастов.",вт–вс 10:00–20:00,kudago,unknown,0.0,no reliable signal,0,indoor
kudago:6854,Нижний Новгород,Царский павильон,attractions,location,"Небольшое каменное здание на площади Революции является уникальным памятником истории, поскольку с его появлением активно начала развиваться железная дорога Нижнего Новгорода.",,kudago,unknown,0.0,no reliable signal,0,
kudago:1792,Нижний Новгород,Чкаловская лестница,attractions,location,Самая длинная мемориальная лестница России.,,kudago,unknown,0.0,no reliable signal,0,
kudago:915,Нижний Новгород,концертный зал MILO Concert Hall,"clubs,concert-hall",museum,"Главная задача заведения — собрать под своей крышей абсолютно разноформатные мероприятия: танцевальные шоу, рейвы с участием топовых ди-джеев и глобальные концерты в Нижнем Новгороде.",ежедневно весь день,kudago,unknown,0.0,no reliable signal,0,indoor
kudago:34753,Нижний Новгород,культурный центр «Пакгаузы»,art-space,museum,Ажурные металлические конструкции на Стрелке уже давно стали одним из неофициальных символов Нижнего Новгорода. Благодаря реконструкции это место превратилось в культурный центр с выставочным пространством и концертным залом.,"вт, ср 10:00–18:00, чт 12:00–20:00, пт–вс 11:00–19:00",kudago,unknown,0.0,no reliable signal,0,
kudago:6960,Нижний Новгород,макет самолёта «Ньюпор-4»,attractions,location,"Макет самолёта представляет точную уменьшенную копию самолёта, на котором Петром Нестеровым был совершён знаменитый вираж в вертикальной плоскости.",,kudago,unknown,0.0,no reliable signal,0,
kudago:7013,Нижний Новгород,церковь Жен-Мироносиц,"attractions,church",location,"Церковь святых Жен-Мироносиц основана в 1510-ом году нижегородским купцом И. Сырковым. Она являлась первой приходской церковью из камня на Верхнем посаде города. Придел церкви построен в 1537 году внуком Ивана Сыркова, в котором разместился дополнительный алтарь и престол для богослужений.",,kudago,unknown,0.0,no reliable signal,0,
otm:Q48955083,Новосибирск,Жилой дом Облплана,"other,unclassified_objects,interesting_places,historic_object",location,"Жилой дом Облплана — здание в стиле неоклассицизма, расположенное в Центральном районе Новосибирска. Построено в 1939 году. Архитектор — Н. С. Кузьмин. Памятник архитектуры регионального значения.П-образный дом разной высотности с курдонёром. Западный фасад здания ориентирован на Красный проспект. Пятиэтажный объём находится в глубине от красной линии застройки Красного проспекта, а торцы четырёхэтажных объёмов одинакового объёмно-планировочного решения выходят на его красную линию.Линия первого этажа отделена рустовкой стен и профилированным карнизом. Расположенные на пятом этаже балконы объединяет горизонталь глухого ограждения.Подвал здания расположен под центральным и южным объёмами.",,opentripmap,unknown,0.0,no reliable signal,0,
otm:N6627002538,Новосибирск,Покрышкин А.И.,"historic,monuments_and_memorials,interesting_places,monuments",location,,,opentripmap,unknown,0.0,no reliable signal,0,
otm:Q65157473,Новосибирск,Старое городское кладбище,"cemeteries,historic,burial_places,interesting_places",location,"Старое городское кладбище (Воскресенское кладбище) — некрополь, существовавший на территории современного Центрального района Новосибирска. Основано в 1896 году. Уничтожено в середине 1920-х годов. В настоящее время на месте бывшего кладбища находятся Центральный парк и стадион «Спартак».Датой основания кладбища считается 1896 год, когда Новониколаевскому поселку (совр. Новосибирск) безвозмездно отдали место для церкви и землю под кладбище. До этого периода погребения устраивались на сельских погостах ближайших деревень.",,opentripmap,unknown,0.0,no reliable signal,0,
kudago:6517,Новосибирск,Храм во имя Святителя Николая Чудотворца с приделом в честь Святых Царственных Страстотерпцев,"attractions,temple",location,Церковь Николая Чудотворца - святыня Новосибирска,,kudago,unknown,0.0,no reliable signal,0,
kudago:23034,Новосибирск,здание Новосибирского Транспортного потребительского общества,attractions,location,"Необычное угловое здание можно принять за совсем новую постройку, но на самом деле появилась она здесь в 1927 году.",,kudago,unknown,0.0,no reliable signal,0,
kudago:35629,Новосибирск,квест-перфоманс «Считай до пяти»,questroom,location,"Загадочный старый дом, пугающее рогатое существо и полное отсутствие воспоминаний... Раз, два, три, четыре, пять... Говорят, счёт помогает избавиться от страха. Но поможет ли он справиться с самой причиной ужаса?",ежедневно 1:00–23:40,kudago,unknown,0.0,no reliable signal,0,
kudago:35978,Новосибирск,квест-перформанс «1408. После пожара»,questroom,location,"Квест перенесёт вас в восстановленный после загадочного пожара номер печально известного отеля, который откроет вам дверь в мистический мир, созданный на основе культового рассказа Стивена Кинга.",ежедневно 0:00–22:30,kudago,unknown,0.0,no reliable signal,0,
kudago:35244,Новосибирск,квест-перформанс «Все любят клоунов»,questroom,location,Бродячий цирк «Луппервиль» уже несколько десятилетий радует взрослых и детей интересными представлениями. Но в этот раз вас ждёт поистине незабываемое шоу во главе с некогда весёлым клоуном Салли.,ежедневно 0:00–22:00,kudago,unknown,0.0,no reliable signal,0,
kudago:35976,Новосибирск,квест-перформанс «Ганнибал: кровавый пир»,questroom,location,"Жестокий серийный убийца и виртуозные психологические манипуляции — перфоманс перенесёт вас в мир, где судьбу людей определяют не их личный выбор и действия, а больной ум изощрённого психопата.",ежедневно 1:00–23:30,kudago,unknown,0.0,no reliable signal,0,
kudago:35984,Новосибирск,квест-перформанс «Зазеркалье: обратная реальность»,questroom,location,"Какой была бы Страна чудес, если бы Алисе не удалось помешать злой королеве сесть на трон? Перфоманс покажет вам жуткую альтернативу прекрасного сказочного мира, где отныне царят безумие и страх.",ежедневно 1:00–23:30,kudago,unknown,0.0,no reliable signal,0,
kudago:35393,Новосибирск,квест-перформанс «Заклятие: последний обряд»,questroom,location,"Питаете симпатию к историям четы Уорренов? Тогда вы наверняка захотите прочувствовать на себе, каково быть в эпицентре мистических событий, и бросить вызов истинному злу.",ежедневно 9:00–21:00,kudago,unknown,0.0,no reliable signal,0,
kudago:36035,Новосибирск,квест-перформанс «Зона отчуждения»,questroom,location,"Истории о страшных мутантах, длинные тёмные коридоры и гнетущая атмосфера ужаса — квест отправит вас в жуткую заброшенную лабораторию в зоне отчуждения. Осмелитесь ли вы раскрыть её леденящие кровь тайны?",ежедневно 1:00–23:30,kudago,unknown,0.0,no reliable signal,0,
kudago:35831,Новосибирск,квест-перформанс «Игра со смертью»,questroom,location,"Леденящие душу крики, кровь на стенах и страшный монстр в невинном теле — перфоманс погрузит вас в пограничное состояние между сном и реальностью, наполненное жуткими воспоминаниями, от которых вам точно захочется сбежать.",ежедневно 9:00–21:00,kudago,unknown,0.0,no reliable signal,0,
kudago:36321,Новосибирск,квест-перформанс «Интернат: глава первая»,questroom,location,"Вам знакомо чувство, что за вами кто-то наблюдает из темноты? В стенах старого интерната вас ждёт много леденящих кровь ощущений, которые сменятся истинным ужасом, как только вы осознаете, что мир мёртвых ближе, чем кажется...",ежедневно 0:20–23:05,kudago,unknown,0.0,no reliable signal,0,
kudago:36150,Новосибирск,квест-перформанс «Обитель зла»/Resident Evil,questroom,location,"Хотите оказаться внутри знаменитой компьютерной игры? Перфоманс «Обитель зла»/Resident Evil позволит вам примерить роли главных героев хоррор-вселенной и узнать, как вы поведёте себя, встретившись с кровожадными зомби.",ежедневно 1:15–23:30,kudago,unknown,0.0,no reliable signal,0,
kudago:35651,Новосибирск,квест-перформанс «Обитель проклятых»,questroom,location,"Запутанный сюжет, раскрывающие легенду задания, кинематографичные сцены и жуткие персонажи — квест подгрузит вас в атмосферу заброшенной психлечебницы и столкнёт лицом к лицу с миром мёртвых.",ежедневно 0:30–23:00,kudago,unknown,0.0,no reliable signal,0,
kudago:35979,Новосибирск,квест-перформанс «Одержимые: вивисекция»,questroom,location,"Монстры, одержимые желанием причинять страдания, — последствия жуткого эксперимента, с которым вы столкнётесь в стенах старого дома. Говорят, отсюда до вас ещё никто не выходил живым.",ежедневно 1:00–23:30,kudago,unknown,0.0,no reliable signal,0,
kudago:35848,Новосибирск,квест-перформанс «Пиковая дама»,questroom,location,"Заброшенный лагерь, таинственные исчезновения детей и леденящие кровь легенды о духах — вы перенесётесь в мир старых детских страшилок, где самые ужасные сюжеты оказываются реальностью.",ежедневно 0:00–23:30,kudago,unknown,0.0,no reliable signal,0,
kudago:35395,Новосибирск,квест-перформанс «Потомство дьявола»,questroom,location,"На ваших глазах оживёт жуткая история об одержимости дьяволом. Сможете ли вы избавить невинную девушку от злой сущности, скрывающейся в теле её родной сестры, и при этом остаться в живых?",ежедневно 9:30–21:30,kudago,unknown,0.0,no reliable signal,0,
kudago:36175,Новосибирск,квест-перформанс «Судная ночь»,questroom,location,"Самая страшная ночь в году погрузит всё вокруг в кровавый хаос. Но вам беспокоиться не о чем: вас окружают крепкие стены, домашний уют, а компанию вам составит добродушная хозяйка. Вы в безопасности... Или вам просто хочется в это верить?",ежедневно 12:00–22:30,kudago,unknown,0.0,no reliable signal,0,
kudago:35397,Новосибирск,квест-перформанс «Тайна забытой шкатулки»,questroom,location,"Думаете, что духи и призраки бывают только в кино? Жуткий сюжет квеста заставит поверить в существование иных миров даже самых отъявленных скептиков.",ежедневно 1:00–23:30,kudago,unknown,0.0,no reliable signal,0,
kudago:36163,Новосибирск,квест-перформанс «Техасская резня бензопилой»,questroom,location,"Пугающая история, отражающая дух классики фильмов ужасов, перенесёт вас на пустынную окраину Техаса, где оживают даже самые потаённые страхи. Кожаное лицо уже завёл бензопилу, чтобы накормить свежей добычей свою жестокую семейку.",ежедневно 1:00–23:30,kudago,unknown,0.0,no reliable signal,0,
kudago:36320,Новосибирск,квест-перформанс «Тонкий человек» / Slenderman,questroom,location,"Верите ли вы в городские легенды? В этот раз придётся поверить, ведь сюжет одной из самых жутких страшилок современности оживёт на ваших глазах в невероятно реалистичном исполнении.",ежедневно 1:00–23:30,kudago,unknown,0.0,no reliable signal,0,
kudago:35983,Новосибирск,квест-перформанс «Ужасающий»,questroom,location,Квест столкнёт вас лицом к лицу с жутким клоуном-убийцей. Вы почувствуете себя героем настоящего фильма ужасов и попробуете миновать печальную участь прочих жертв маньяка.,ежедневно 1:00–23:30,kudago,unknown,0.0,no reliable signal,0,
kudago:23852,Новосибирск,фотошкола Profi,"photo-places,education-centers",location,Занятия в школе проходят в двух собственных интерьерных профессиональных фотостудиях: Royal Studio и Fishai Studio (в общей сложности шесть залов).,,kudago,unknown,0.0,no reliable signal,0,outdoor
otm:N3670258685,Самара,БМД,"historic,monuments_and_memorials,interesting_places,monuments",location,,,opentripmap,unknown,0.0,no reliable signal,0,
otm:R411269,Самара,Городское кладбище,"cemeteries,historic,burial_places,interesting_places",location,,,opentripmap,unknown,0.0,no reliable signal,0,
otm:Q4145467,Самара,Городское кладбище (Самара),"cemeteries,historic,burial_places,interesting_places",location,"Городское кладбище Самары — является одним из немногих самарских кладбищ, расположенных непосредственно в черте города. Кладбище в плане являет собой равнобедренную трапецию в пределах улиц Партизанской, Лунной и улицы Дзержинского.Кладбище располагается на территории Железнодорожного района Самары.В 1965 году на территории кладбища состоялось открытие памятника-обелиска воинам, павшим в Великую Отечественную войну (Скульптор — П. Горянков, архитекторы — Р. Аракелян, В.Каркарьян, Ю. Мусатов, Ю. Храмов).Трамвай, остановка «Техникум лёгкой промышленности»: 1, 3, 4, 18, 23",,opentripmap,unknown,0.0,no reliable signal,0,
otm:W43157571,Самара,"Мемориал самарцам, погибшим в необъявленных войнах","historic,monuments_and_memorials,interesting_places,monuments",location,"Мемориал самарцам, погибшим в необъявленных войнах установлен в Самаре на площади Памяти в Октябрьском районе города.Самара долгое время оставалась городом, в котором отсутствовали памятники воинам, погибшим в локальных войнах. В 1995—1996 гг. в Самаре был проведён конкурс на проект подобного монумента, и было решено для памятника объединить 2 проекта — московский и санкт-петербургский, однако дело остановилось на стадии фундамента.",,opentripmap,unknown,0.0,no reliable signal,0,
otm:N6767764502,Самара,Монолит,"other,unclassified_objects,interesting_places,tourist_object",location,,,opentripmap,unknown,0.0,no reliable signal,0,
otm:N540442701,Самара,Музейный вагон-памятник,"historic,monuments_and_memorials,interesting_places,monuments",location,,,opentripmap,unknown,0.0,no reliable signal,0,
otm:N6952602264,Самара,Н.И. Колычеву,"historic,monuments_and_memorials,interesting_places,monuments",location,,,opentripmap,unknown,0.0,no reliable signal,0,
otm:N5838730793,Самара,Обелиск на могиле Н.А. Щорса,"historic,monuments_and_memorials,interesting_places,monuments",location,,,opentripmap,unknown,0.0,no reliable signal,0,
otm:N4288564963,Самара,Сердце города,"other,unclassified_objects,interesting_places,tourist_object",location,,,opentripmap,unknown,0.0,no reliable signal,0,
kudago:5186,Самара,горельеф «Скорбящей Матери-Родине»,attractions,location,Замечательной традицией самарчан стало в самый светлый день своей жизни – день бракосочетания – возлагать букеты цветов к подножию «Скорбящей Матери-Родине».,,kudago,unknown,0.0,no reliable signal,0,
kudago:9513,Самара,поклонный крест Кириллу и Мефодию,"attractions,sights,recreation",location,"В глубине веков берет свое начало традиция возводить поклонные кресты. Их ставили на подступах к городам и селам, дабы путник входящий или отправляющийся в странствие мог вознести молитву Господу. Поклонный крест служил духовным оберегом от злых темных сил.",,kudago,unknown,0.0,no reliable signal,0,
kudago:9684,Самара,улица Ульяновская,attractions,location,"Улица Ульяновская — не только нетронутый уголок старинной деревянной Самары, но и местная кинозвезда.",,kudago,unknown,0.0,no reliable signal,0,
kudago:4550,Санкт-Петербург,Cтрелка Елагина острова,attractions,location,Ансамбль стрелки Елагина острова обязан своим внешним видом наводнению 23 сентября 1924 года.,,kudago,unknown,0.0,no reliable signal,0,
kudago:10320,Санкт-Петербург,«Камень-голова»,attractions,location,Кто выглядывает из-под земли?,,kudago,unknown,0.0,no reliable signal,0,
kudago:10546,Санкт-Петербург,Архитектурно-познавательный туристский центр «Мини-город»,"kids,attractions,sights",location,"Представьте себя Гулливером, который совершает прогулку по Петербургу и любуется архитектурными шедеврами города с высоты своего исполинского роста.",ежедневно весь день,kudago,unknown,0.0,no reliable signal,0,
kudago:4543,Санкт-Петербург,Буддийский храм,"attractions,temple",location,Петербургский Буддийский храм (он же дацан «Гунзэчойнэй») до недавнего времени являлся самым северным в мире. Он был основан по ходатайству тибетского Далай-ламы в 1909 году.,"пн, вт, чт–вс 10:00–19:00",kudago,unknown,0.0,no reliable signal,0,
kudago:2026,Санкт-Петербург,Граффити «Маленький Принц»,"kids,attractions",location,"Петербург известен своей творческой атмосферой и креативом, который не обходит стороной даже стены домов и государственных учреждений.",,kudago,unknown,0.0,no reliable signal,0,
kudago:2809,Санкт-Петербург,Двор дома Бака,attractions,location,"Один из ярких примеров того, как русская эклектика растворяет в себе модерн и рококо — доходный дом инженера Бака. Розовый мрамор в облицовке здания, воздушные галереи... А туристы ходят сюда, чтобы полюбоваться двором.",,kudago,unknown,0.0,no reliable signal,0,
kudago:1018,Санкт-Петербург,Двор с домом Карлсона,"attractions,sights",location,"Карлсон улетал, но обещал вернуться. И, подумать только, не обманул — вернулся в Петербург и даже обзавёлся собственным домом.",,kudago,unknown,0.0,no reliable signal,0,
kudago:1021,Санкт-Петербург,Дворик филфака СПбГУ,"attractions,sights",location,"По инициативе декана филфака во дворике факультета была установлена скульптура Арсена Аветисяна «Размышление о Mаленьком принце». А в результате вокруг этой поэтичной статуи, созданной безвременно ушедшим автором, вырос целый Парк современной скульптуры.",,kudago,unknown,0.0,no reliable signal,0,
kudago:2378,Санкт-Петербург,Дом Зингера (Дом книги),"shops,attractions",location,"Шестиэтажное здание на Невском проспекте с мансардой в стиле модерн, построенное в 1904 году по проекту архитектора Павла Сюзора для акционерной компании «Зингер в России».",ежедневно 9:00–23:00,kudago,unknown,0.0,no reliable signal,0,
kudago:1398,Санкт-Петербург,Елагин остров,"park,attractions,recreation",walk,"Центральный парк культуры и отдыха имени Кирова — оазис природы, расположенный практически в центре города.",ежедневно 6:00–23:00,kudago,unknown,0.0,no reliable signal,0,outdoor
kudago:541,Санкт-Петербург,Замок Андерсенград,"kids,attractions,sights",location,"Андерсенград уже более 30 лет радует детей и взрослых. Миниатюрный замок с башенками, крепостной стеной, фонтанами и красными стенами населён героями произведений сказочника Ханса Кристиана Андерсена.",,kudago,unknown,0.0,no reliable signal,0,
kudago:4090,Санкт-Петербург,Лесопарк Александрино,"park,photo-places,attractions,recreation",walk,"Люди обычно не задумываются о том, что творят не только собственную судьбу, но историю всего, что они создают своей волей. А между тем история вещей бывает даже более занимательна, чем человеческая жизнь. Такова история старейшего петербургского парка.",ежедневно весь день,kudago,unknown,0.0,no reliable signal,0,outdoor
kudago:387,Санкт-Петербург,Марсово поле,"attractions,sights",location,"Уникальный архитектурный ансамбль, сочетающий в себе целый букет исторических памятников Северной столицы, и одновременно любимое место летнего отдыха петербуржцев. Его нельзя не заметить и невозможно не полюбить. Возьмите с собой плед, гитару, книгу или хорошую компанию и приходите на Марсово поле.",,kudago,unknown,0.0,no reliable signal,0,
kudago:2813,Санкт-Петербург,Мозаичный дворик,"kids,photo-places,attractions",location,Среди петербургских дворов-колодцев затаился небольшой Мозаичный дворик — монументальная работа художника Владимира Лубенко и его учеников.,,kudago,unknown,0.0,no reliable signal,0,outdoor
kudago:8467,Санкт-Петербург,Оранжерея Таврического сада,"photo-places,attractions,sights",location,"Оранжерея Таврического сада — «райская» машина времени, которая в любое время, несмотря на переменчивую петербургскую погоду, может отправить вас в лето и познакомить с диковинными растениями.",вт–вс 11:00–21:00,kudago,unknown,0.0,no reliable signal,0,outdoor
kudago:1125,Санкт-Петербург,Ротонда на Гороховой,"photo-places,attractions,sights",location,"Ротонда на Гороховой улице связана с городскими легендами и потому притягивает к себе не только туристов, но и любопытную молодёжь.",ежедневно 12:00–21:00,kudago,unknown,0.0,no reliable signal,0,outdoor
kudago:8945,Санкт-Петербург,Стрелка Васильевского острова,attractions,location,Стрелка Васильевского острова — это одна из удивительных достопримечательностей Северной пальмиры.,,kudago,unknown,0.0,no reliable signal,0,
kudago:2377,Санкт-Петербург,Чижик-Пыжик,attractions,location,"Чижик-Пыжик — один из самых маленьких памятников Петербурга высотой всего 11 сантиметров. Считается, что птичка принесёт удачу тому, чья монетка попадёт на скромный пьедестал и не отскочит в воду.",,kudago,unknown,0.0,no reliable signal,0,
kudago:6796,Санкт-Петербург,дом-кольцо на Фонтанке,attractions,location,"XIX век не зря называют золотым веком русской культуры: эта эпоха подарила нам такое изобилие шедевров во всех областях искусства, что многие из них были просто не замечены современниками. Один из таких малоизвестных архитектурных шедевров притаился во дворе набережной Фонтанки. Это круглый дом, известный среди петербуржцев как дом-кольцо.",,kudago,unknown,0.0,no reliable signal,0,
kudago:742,Санкт-Петербург,петербургский ангел,"attractions,sights",location,"Есть стольный град Санкт-Петербург с императором Петром I на коне. Есть колыбель революции Ленинград с Лениным на броневике. А между ними живёт своей жизнью город Питер, и его охраняет маленький старичок-ангел.",,kudago,unknown,0.0,no reliable signal,0,
kudago:22707,Сочи,Агурские водопады,attractions,location,"Каскад из нескольких водопадов в долине реки Агура, красивое и таинственное место, которое очень любят туристы и фотографы.",,kudago,unknown,0.0,no reliable signal,0,
kudago:22704,Сочи,Орнитопарк,"amusement,park,attractions",walk,"Природный орнитологический парк в Имеретинке. Красивое место, где живут более сорока видов редких птиц.",,kudago,unknown,0.0,no reliable signal,0,outdoor
kudago:7822,Сочи,Сочинский дендрарий,"park,attractions",walk,"Дендрарий в Сочи, где в настоящее время собираются отдыхающие, а школьники собирают гербарии для отчета «Как я провел лето», основан на денежные средства драматурга Сергея Николаевича Худекова в XIX веке.",касса: ежедневно 9:00–19:00,kudago,unknown,0.0,no reliable signal,0,outdoor
kudago:4267,Сочи,зал Зимнего театра Сочинской филармонии,concert-hall,museum,"Зимний театр — главная театральная и концертная площадка города, самое культовое место в городе Сочи.",ежедневно 10:00–22:00,kudago,unknown,0.0,no reliable signal,0,indoor
kudago:8023,Сочи,монумент Михаила Архангела,attractions,location,"Монументальная колонна со скульптурной композицией Михаила Архангела, предводителя Небесного воинства и покровителя города-курорта Сочи, установлена на эспланаде Курортного проспекта Центрального района.",,kudago,unknown,0.0,no reliable signal,0,
kudago:21564,Сочи,развалины храма Агуа,"attractions,temple",location,"Средневековая церковь в живописнейшем месте Большого Сочи вот уже несколько веков привлекает и туристов, и археологов, и кладоискателей.",,kudago,unknown,0.0,no reliable signal,0,
kudago:4309,Сочи,храм Апостолов Симона и Фаддея,"attractions,temple",location,Этот римско-католический храм в городе Сочи — настоящий памятник неоготики в солнечном южном городе.,,kudago,unknown,0.0,no reliable signal,0,
kudago:8225,Сочи,храм Преображения Господня,"attractions,temple",location,Православный храм Хостинского района города Сочи.,,kudago,unknown,0.0,no reliable signal,0,
kudago:8221,Сочи,храм Рождества Богородицы,"attractions,temple",location,Православная церковь в Лазаревском районе города Сочи.,ежедневно 8:00–19:00,kudago,unknown,0.0,no reliable signal,0,
otm:N5416576405,Ульяновск,Архиепископ Анатолий,"cemeteries,historic,monuments_and_memorials,burial_places,interesting_places,monuments",location,,,opentripmap,unknown,0.0,no reliable signal,0,
otm:N5418066273,Ульяновск,Дмитрий Дмитриевич Минаев,"cemeteries,historic,monuments_and_memorials,burial_places,interesting_places,monuments",location,,,opentripmap,unknown,0.0,no reliable signal,0,
otm:N5416576401,Ульяновск,Могила пяти комисаров,"cemeteries,historic,monuments_and_memorials,burial_places,interesting_places,monuments",location,,,opentripmap,unknown,0.0,no reliable signal,0,
otm:N5416576406,Ульяновск,Радина Лия Ефимовна,"cemeteries,historic,monuments_and_memorials,burial_places,interesting_places,monuments",location,,,opentripmap,unknown,0.0,no reliable signal,0,
otm:N3836809276,Ульяновск,Самолёт,"historic,monuments_and_memorials,interesting_places,monuments",location,,,opentripmap,unknown,0.0,no reliable signal,0,
kudago:20826,Уфа,Первая соборная мечеть,attractions,location,Одна из главных старинных мечетей Башкирии.,,kudago,unknown,0.0,no reliable signal,0,
kudago:21675,Уфа,квест-рум «Игры разума»,"attractions,sights,other",location,"Квест-рум предлагает несколько сценариев приключений, в которых участников ждут умопомрачительные головоломки, задания на логику и внимательность. Есть уникальная возможность проходить квесты ночью, когда еще отчетливее кажется, что всё это совсем не игра.",ежедневно весь день,kudago,unknown,0.0,no reliable signal,0,
kudago:21680,Уфа,квест-рум «Псевдологика»,"attractions,sights,other",location,"Квест-рум «Псевдологика» подготовил для своих посетителей очень интересные и занимательные приключения, которые никого не оставят равнодушными. Перед вами будут стоять, казалось бы, невыполнимые задачи, но стоит вооружиться командой друзей и немного пораскинуть мозгами, как находятся ответы на самые сложные головоломки и тайны.",,kudago,unknown,0.0,no reliable signal,0,
kudago:22304,Уфа,чайный клуб «Мойчай.ру»,"shops,attractions,sights",location,"Чайный клуб проводит невероятные чайные церемонии, позволяя своим гостям попробовать по-настоящему необычные сорта любимого напитка.",,kudago,unknown,0.0,no reliable signal,0,
kudago:1618,Выборг,Дом творчества «Вересковая усадьба»,"culture,attractions",location,Один из культурных символов Выборга.,,kudago,mixed,0.72,mixed kind/title signals,1,
kudago:1533,Выборг,Историко-этнографический музей-заповедник «Ялкала»,"museums,attractions,suburb",museum,"Музей, хранящий культуру коренного населения карельского перешейка. Здесь сохранился настоящий финский хутор конца XIX века.",ср–вс 10:00–18:00,kudago,mixed,0.72,mixed kind/title signals,1,mixed
kudago:1510,Выборг,Музей-заповедник «Парк Монрепо»,"museums,park,attractions,prirodnyj-zapovednik",museum,"Этот парк называют пейзажным, и пейзажи его поистине неповторимы. Этот парк называют скальным, и скалы его, выточенные километровой толщины ледником, фантастичны. Этот парк называют романтическим, и каждый его уголок вызывает вдохновение, восхищение и умиротворение. Ещё в прошлом веке Монрепо превратили в заповедник, но он по-прежнему приветливо распахивает двери всем любителям природы. Говорят, что некоторые источники в парке целебные, а среди деревьев нет-нет да и мелькнёт нимфа-хранительница Сильмия.",ежедневно 9:00–20:00,kudago,mixed,0.72,mixed kind/title signals,1,mixed
kudago:4145,Выборг,ресторан «Балтик Парк»,restaurants,food,"В ресторане «Балтик Парк» можно попробовать вкусные блюда европейской и русской кухни, послушать живую музыку и принять участие в танцевальной вечеринке.",ежедневно 10:00–0:00,kudago,mixed,0.72,mixed kind/title signals,1,indoor
kudago:18486,Екатеринбург,Дворец культуры железнодорожников,"culture,attractions",location,"ДК Железнодорожников является одним из главных культурных центров Екатеринбурга. Его история действительно впечатляет, ведь первый раз двери центра открылись для посетителей без малого сто лет назад.",,kudago,mixed,0.72,mixed kind/title signals,1,
kudago:5622,Екатеринбург,Дом купца Железнова,"art-centers,museums,attractions,sights,homesteads",museum,"Одним из самых притягательных и таинственных зданий Екатеринбурга является дом Железнова, построенный в далёком 1895 году в псевдорусском стиле. Поговаривают, что здесь видели привидения, которые прячутся от глаз людских в тайных подземных ходах.",,kudago,mixed,0.72,mixed kind/title signals,1,mixed
kudago:5623,Екатеринбург,Дома купцов Агафуровых,"attractions,homesteads",location,"В Екатеринбурге, как и в любой русской провинции, до сих пор сохранились бывшие купеческие усадьбы, каждый сантиметр которых пропитан духом прошлого. Одним из таких исторических памятников являются дома купцов Агафуровых, живших в городе до Октябрьской революции.",,kudago,mixed,0.72,mixed kind/title signals,1,
kudago:3927,Екатеринбург,Озеро Тавату́й,"attractions,sights,suburb",walk,"Таватуй (ударение на последний слог) — это озеро в Свердловской области, которое расположено на восточных склонах Уральских гор, в 50 километрах от Екатеринбурга. Если переводить дословно с коми-пермяцкого наречия, «та ва туй» означает «сей водный путь».",,kudago,mixed,0.72,mixed kind/title signals,1,
kudago:2178,Екатеринбург,Парк чудес «Галилео»,"amusement,museums",museum,Первый в России парк чудес «Галилео» с помощью интересных экспонатов расскажет о законах физики и приобщит к науке.,ежедневно 10:00–20:00 (касса: ежедневно 10:00–19:00),kudago,mixed,0.72,mixed kind/title signals,1,mixed
otm:R2317637,Екатеринбург,Ротонда,"architecture,historic_architecture,interesting_places,other_buildings_and_structures",location,,,opentripmap,mixed,0.72,mixed kind/title signals,1,
kudago:5691,Екатеринбург,Усадьба Филитц,"attractions,homesteads",location,Усадьба Э. Ф. Филитц в Екатеринбурге — образец деревянного домостроения ХIX века с использованием традиционных для модерна стилевых форм.,,kudago,mixed,0.72,mixed kind/title signals,1,
kudago:35078,Екатеринбург,верёвочный парк «Секвойя Парк Дубрава»,"amusement,kids,park,sights,suburb,recreation",walk,"Всех, кто любит активный отдых и хочет незабываемо провести время на свежем воздухе с друзьями или семьёй, ждут в верёвочном парке «Секвойя Парк Дубрава». Действуют выгодные акции для именинников и компаний от 10 человек!","пн–чт 11:00–19:00, пт–вс 10:00–19:00",kudago,mixed,0.72,mixed kind/title signals,1,outdoor
kudago:5693,Екатеринбург,дома крестьянина Панова и купца Лебедева,"attractions,homesteads",location,"Если рассмотреть необычное старинное здание поближе, можно увидеть, что это два разных дома. Они принадлежали купцу и крестьянину.",,kudago,mixed,0.72,mixed kind/title signals,1,
kudago:35334,Екатеринбург,оздоровительный комплекс «Ананьевские бани»,"salons,sights,suburb",walk,"Как быстро повысить продуктивность и не выгореть? Необходимо наладить work-life balance*, а поможет в этом баня!",ежедневно весь день,kudago,mixed,0.72,mixed kind/title signals,1,
kudago:21226,Екатеринбург,озеро Песчаное,"suburb,recreation",walk,"Чудесное живописное озеро находится недалеко от посёлка Северка. Путешественники говорят, что оно похоже на прекрасные водоёмы Швейцарии. Чистый песчаный пляж, прозрачная вода и впечатляющие пейзажи — такова формула успеха этого места.",,kudago,mixed,0.72,mixed kind/title signals,1,
kudago:34708,Екатеринбург,парк «Россия — моя история» в Екатеринбурге,museums,museum,"Древняя Русь, Российская империя, Советский Союз, современная Россия — всё это многовековая история нашей родины. За это время страна прошла путь от небольшого государства до огромной, развитой и сильной державы. Узнать об истории больше могут посетители парка «Россия — моя история».",вт–вс 11:00–20:00,kudago,mixed,0.72,mixed kind/title signals,1,mixed
kudago:6423,Екатеринбург,пляж на Верх-Исетском пруду,"suburb,recreation",walk,Пруд был создан искусственно в 1726 году во время строительства Верх-Исетского завода. Сегодня он является популярным местом для отдыха горожан. Неподалёку от пляжа располагается яхт-клуб. Заранее побеспокойтесь об удобных купальных костюмах: активный отдых требует комфортной одежды.,,kudago,mixed,0.72,mixed kind/title signals,1,
kudago:6431,Екатеринбург,пляжи на озере Песчаное,"suburb,recreation",walk,"Красоты озера Песчаное напоминают о Швейцарии — чистая вода, ухоженные пляжи, благоустроенная территория и живописные горные пейзажи.",,kudago,mixed,0.72,mixed kind/title signals,1,
kudago:6815,Екатеринбург,природный парк «Оленьи ручьи»,"park,attractions,sights,suburb",walk,"Территория природного парка площадью 12 700 гектаров расположена в юго-западной части Свердловской области, у реки Серга.",,kudago,mixed,0.72,mixed kind/title signals,1,outdoor
otm:N898963079,Екатеринбург,№15 Храм-на-Крови,"religion,churches,interesting_places,eastern_orthodox_churches",location,"Храм на Крови́ (полное название: Храм-Памятник на Крови́ во и́мя Всех святы́х, в земле́ Росси́йской просия́вших) — действующий православный храм, построенный в городе Екатеринбурге (Россия) на месте дома Ипатьева, в котором содержались под арестом и были расстреляны в ночь на 17 июля 1918 года последний российский император Николай II, его семья и четверо слуг. Построенный в 2000—2003 годах и освящённый 16 июля 2003 года, он стал главной туристической достопримечательностью Екатеринбурга, а также главным центром культа святого Николая II и его семьи, привлекающим православных паломников не только из России, но и со всего мира.",,opentripmap,mixed,0.72,mixed kind/title signals,1,
kudago:4151,Казань,Благовещенский собор Казанского кремля,attractions,location,"Собор был построен в 1562 году псковским архитектором Постником Яковлевым, создателем собора Василия Блаженного в Москве. Это также самый древний из сохранившихся памятников в ансамбле Кремля.",,kudago,mixed,0.72,mixed kind/title signals,1,
kudago:8037,Казань,Дворец земледельцев,"palace,attractions,sights",location,Возведён дворец в историческом центре Казани вблизи кремля и набережной реки Казанки.,,kudago,mixed,0.72,mixed kind/title signals,1,
kudago:34585,Казань,Иннополис,"attractions,sights,suburb",walk,"Иннополис — первый построенный с нуля город в постсоветской России. Он расположился в 40 километрах от Казани и ежегодно привлекает к себе туристов, которые приезжают любоваться современной архитектурой и узнавать о последних ИТ-разработках.",,kudago,mixed,0.72,mixed kind/title signals,1,
kudago:7699,Казань,Петропавловский собор,"attractions,church",location,"Уникальный памятник русского барокко — Петропавловский собор — был построен в начале XVIII века. В его стенах побывали почти все российские императоры, сюда заходил Александр Пушкин, а в хоре собора пел Фёдор Шаляпин.",ежедневно 7:00–19:00,kudago,mixed,0.72,mixed kind/title signals,1,
kudago:8205,Казань,Раифский Богородицкий мужской монастырь,"monastery,attractions",location,"Недалеко от Казани рядом с Волжско-Камским природным заповедником располагается чудесная обитель, место доброты и радушия.",пн–вс 09:00–18:00,kudago,mixed,0.72,mixed kind/title signals,1,
kudago:7687,Казань,Свияжск,"attractions,sights,suburb,church",walk,"Расположившееся на острове село Свияжск — отличный вариант отдыха на выходные. Сюда приезжают любоваться потрясающими пейзажами, рассматривать древнюю архитектуру и учиться новому — например, гончарному делу или стрельбе из лука.",,kudago,mixed,0.72,mixed kind/title signals,1,
kudago:8267,Казань,Хрустальное озеро,"attractions,sights,suburb",walk,"Живописный и тихий уголок природы, вдали от шумного мегаполиса, где можно насладиться праздничным застольем, отведать натуральных продуктов, активно отдохнуть и просто интересно провести время.",пн–вс 04:00–22:00,kudago,mixed,0.72,mixed kind/title signals,1,
kudago:8547,Казань,гостевой комплекс «Дубай»,suburb,walk,"Загородный комплекс расположен на Высокой горе, в одном из самых живописных мест Казани.",,kudago,mixed,0.72,mixed kind/title signals,1,
kudago:8908,Казань,гостевой комплекс «Прекрасновидово»,suburb,walk,Удивительное место с красивым названием располагается неподалеку от города в селе Красновидово.,ежедневно весь день,kudago,mixed,0.72,mixed kind/title signals,1,
kudago:4634,Казань,музей-заповедник «Казанский кремль»,"museums,attractions",museum,Государственный историко-архитектурный и художественный музей-заповедник «Казанский кремль» является главной достопримечательностью Казани и ценным объектом культурного наследия республики Татарстан.,ежедневно весь день,kudago,mixed,0.72,mixed kind/title signals,1,mixed
kudago:23728,Красноярск,Центр путешественников,"kids,clubs,suburb",walk,"Центр путешественников — это не только лекции и клубы по интересам, но и самые настоящие походы, экскурсии, уроки выживания и хорошая физическая подготовка.",,kudago,mixed,0.72,mixed kind/title signals,1,
kudago:27086,Красноярск,дом отдыха «Три капитана»,suburb,walk,"На Красноярском море можно прекрасно отдохнуть всей семьёй: надышаться свежим воздухом, сходить на рыбалку, попариться в баньке, искупаться в заливе или в бассейне.",,kudago,mixed,0.72,mixed kind/title signals,1,
kudago:2140,Москва,Англиканский собор Святого Андрея,attractions,location,"Место, которое является единственным в своём роде в Москве — Собор Святого Андрея (англиканская церковь). Это настоящий памятник архитектуры, который привлекает не только страждущих пищи духовной, но и любителей музыки. Здесь проводятся интереснейшие органные концерты.",ежедневно 8:00–22:00,kudago,mixed,0.72,mixed kind/title signals,1,
kudago:90,Москва,ВДНХ,"museums,park,attractions",museum,"ВДНХ — крупнейший в Москве выставочный центр. Ежегодно его посещают больше двадцати миллионов человек, а на территории организуют не меньше полутора сотен экспозиций и выставок.",ежедневно весь день,kudago,indoor,0.92,indoor kind/title signal,1,mixed
kudago:206,Москва,Московский Кремль,"museums,attractions",museum,"Величественный и древний, Московский Кремль уже много веков остаётся главным символом необъятной России.","пн–ср, пт–вс 10:00–17:00 (касса: пн–ср, пт–вс 9:30–16:30)",kudago,mixed,0.72,mixed kind/title signals,1,mixed
kudago:531,Москва,Музей-заповедник «Царицыно»,"kids,museums,park,palace,attractions",museum,"Царские дворцы в стиле русской готики, чистые пруды... Парк, который так и не стал императорской резиденцией, сегодня открыт для всех, кто хочет найти уголок спокойствия в шумной столице.","вт–чт 10:00–18:00, пт, сб 10:00–20:00, вс 10:00–18:00",kudago,indoor,0.92,indoor kind/title signal,1,mixed
kudago:940,Москва,Музей-усадьба «Архангельское»,"museums,attractions,homesteads",museum,"Музей-усадьба «Архангельское» известен своими знаменитыми музейными экспозициями и садово-парковым комплексом. Если у вас выдался свободный день в любое время года, вы хотите провести его на природе и открыть страницы русского прошлого, смело приезжайте на отдых в «Архангельское».",ежедневно 10:00–20:00,kudago,mixed,0.72,mixed kind/title signals,1,mixed
kudago:6182,Москва,Песчаные дюны в Сычёво,"suburb,recreation",walk,"Если вы любите интересные места, ищете приключений, романтик в душе, да ещё и обладатель сноуборда — вам точно туда, в Песчаные дюны в Сычёво. Здесь вы почувствуете себя, будто в пустыне: вокруг вас раскинется огромное песчаное пространство, где можно увидеть даже карликовые растения.",ежедневно весь день,kudago,mixed,0.72,mixed kind/title signals,1,
kudago:4583,Москва,Приокско-Террасный заповедник,"kids,park,sights,animal-shelters,suburb",walk,"Всего в 100 километрах от Красной площади расположился единственный заповедник Московской области. В нём находится Центральный зубровый питомник, где можно познакомиться с краснокнижными зубрами, а также их ближайшими родственниками — североамериканскими бизонами. Для гостей заповедника созданы широкие возможности для экологического туризма, здесь можно всей семьёй отдохнуть на природе и получить массу ярких впечатлений.","пн–пт 9:00–18:00, сб, вс 9:00–19:00 (касса: пн–пт 9:00–17:00, сб, вс 8:00–18:30)",kudago,mixed,0.72,mixed kind/title signals,1,outdoor
kudago:575,Москва,Римско-католический Кафедральный собор Непорочного Зачатия Пресвятой Девы Марии,"attractions,concert-hall",museum,"Действующий католический собор на Малой Грузинской — произведение готической архитектуры. Некоторые называют это место островком Европы в центре Москвы. Благотворительный фонд «Искусство добра» регулярно проводит здесь концерты органной, камерой и симфонической музыки.",,kudago,mixed,0.72,mixed kind/title signals,1,indoor
kudago:30213,Москва,Семейный парк «Волшебная страна»,"amusement,kids,suburb",walk,"Повесть Александра Волкова «Волшебник изумрудного города» подарила многим детям веру в чудеса. Теперь у этих детей появились свои дети — можно всем вместе отправиться в семейный парк «Волшебная страна», в котором живут любимые герои.",ежедневно 10:00–19:00,kudago,mixed,0.72,mixed kind/title signals,1,
kudago:5129,Москва,детский парк «Усадьба Трубецких в Хамовниках»,"kids,park,attractions",walk,"Детский парк «Усадьба Трубецких в Хамовниках» предлагает посетителям не только активный отдых на природе, но и познавательные экскурсии в поместье. Здесь можно посетить зоопарк, биологическую теплицу, научиться кататься на лошади, а также принять участие в конкурсах и соревнованиях для всей семьи.",ежедневно 9:00–21:00,kudago,mixed,0.72,mixed kind/title signals,1,outdoor
kudago:7285,Москва,усадьба Быково,"palace,attractions,homesteads,church",location,"Одна из красивейших усадеб столицы. Время её основания приходится на вторую половину XVII века. К созданию этого архитектурного памятника приложил руку бывший московский генерал-губернатор, фаворит Екатерины II Михаил Измайлов. Свою резиденцию он выстроил в масонском стиле, поскольку состоял в числе адептов этого ордена.",,kudago,mixed,0.72,mixed kind/title signals,1,
kudago:2717,Москва,усадьба Дубровицы,"attractions,suburb,homesteads",walk,"Эта живописная усадьба, которая находится под Подольском, известна благодаря церкви Знамения Пресвятой Богородицы, которая является действующим храмом.",ежедневно 8:00–17:30,kudago,mixed,0.72,mixed kind/title signals,1,
kudago:1085,Москва,усадьба Кусково,"kids,museums,homesteads",museum,"Одно из самых романтичных мест в Москве — усадьба Кусково. В своё время её называли Подмосковным Версалем, настолько она напоминала своей красотой сад французских королей.",ср–вс 10:00–18:00,kudago,mixed,0.72,mixed kind/title signals,1,mixed
kudago:1564,Москва,этнографический парк «ЭТНОМИР»,"amusement,kids,park,attractions,sights,suburb",walk,"Чтобы путешествовать по миру, необязательно уезжать далеко от дома. Всего в 90 километрах от Москвы раскинулся огромный культурно-образовательный центр и этнографический парк «ЭТНОМИР» — территория для познавательных прогулок, творчества и развлечений. Сюда приезжают отдыхать и знакомиться с традициями разных стран мира.",ежедневно 9:00–21:00,kudago,mixed,0.72,mixed kind/title signals,1,outdoor
kudago:33914,Нижний Новгород,Арзамас и Ичалковский бор: культурные сокровища и подземные пещеры за один уик-энд,"park,suburb,prirodnyj-zapovednik",walk,"Двухдневный маршрут для тех, кто любит разнообразие и хочет интересно отдохнуть в разгар бабьего лета. Вас ждёт Арзамас, красивейший уездный город региона, а также катание на конях-тяжеловозах, прогулка по осеннему лесу и спуск в живописные пещеры.",,kudago,mixed,0.72,mixed kind/title signals,1,outdoor
kudago:20656,Нижний Новгород,База отдыха «Живые родники»,suburb,walk,"Гостей базы отдыха ждут живописные пейзажи, целебные родники, потрясающая рыбалка, настоящие боярские терема, прогулки на лошадях, активные игры и другие развлечения, которые помогут отвлечься от городской суеты, забыть о проблемах и избавиться от стресса.",,kudago,mixed,0.72,mixed kind/title signals,1,
kudago:35124,Нижний Новгород,Городец: чем заняться и что посмотреть,suburb,walk,"Сказочный Городец — провинциальный городок в Нижегородской области. Его история насчитывает уже более восьми с половиной веков, и за это время он прославился на всю страну своими промыслами: жбанниковской глиняной игрушкой, самобытной городецкой росписью и, конечно, печатными пряниками.",,kudago,mixed,0.72,mixed kind/title signals,1,
kudago:20654,Нижний Новгород,Загородный клуб «Ранчо 636»,"inn,suburb",walk,"Гостей базы отдыха ждут свежий воздух, упоительный запах сосен, прекрасные виды, множество развлечений на любой вкус и различные варианты размещения. К услугам отдыхающих — баня, солярий, тренажёрный зал, массажный салон, теннисный корт, ночной клуб с караоке и многое другое.",ежедневно весь день,kudago,mixed,0.72,mixed kind/title signals,1,
kudago:4540,Нижний Новгород,Керженский заповедник,"park,attractions,animal-shelters,suburb",walk,"Керженский природный заповедник площадью почти 47 тысяч га — уникальная биосферная территория, находящаяся под особой охраной государства. Посетить заповедник, который находится в Нижегородской области, можно только в составе экскурсионной группы.",,kudago,mixed,0.72,mixed kind/title signals,1,outdoor
kudago:4149,Нижний Новгород,Нижегородский кремль,"museums,attractions",museum,Военно-инженерное сооружение начала XVI века является символом Нижнего Новгорода и его главной достопримечательностью.,ежедневно 10:00–19:00 (касса: ежедневно 10:00–18:00),kudago,mixed,0.72,mixed kind/title signals,1,mixed
kudago:20649,Нижний Новгород,Парк приключений «Экстримлэнд»,"amusement,park,suburb,recreation",walk,"Царство активного отдыха и новых эмоций. На одной территории собраны все возможные виды развлечений, традиционных и не очень: скалодромы, квадроциклы, высотный город, троллеи, лучно-арбалетный тир, зорбинг, катапульта и многое другое — всё это ждёт гостей уникального приключенческого парка.",,kudago,mixed,0.72,mixed kind/title signals,1,outdoor
kudago:4537,Нижний Новгород,Сормовский парк,"amusement,kids,park,attractions,suburb,recreation",walk,"Сормовский парк — это реализация мечты о зелёной зоне отдыха в черте мегаполиса. Беговые дорожки, аттракционы, зоопарк, картинг, озеро с беседками и баней, каток — здесь есть всё для отдыха с семьёй или друзьями.",ежедневно 10:00–22:00,kudago,mixed,0.72,mixed kind/title signals,1,outdoor
kudago:4193,Нижний Новгород,Усадьба Рукавишниковых,"museums,attractions",museum,Усадьба Рукавишниковых является объектом культурного наследия регионального значения. Гостей усадьбы ждёт встреча с историческими выставками и знакомство с архитектурными особенностями здания и его уникальными интерьерами.,вт–вс 10:00–20:00,kudago,mixed,0.72,mixed kind/title signals,1,indoor
kudago:21170,Нижний Новгород,озеро Светлояр,"suburb,recreation",walk,"Одно из самых загадочных озёр России. У него идеально правильная овальная форма, его прозрачная и чистая вода никогда не «цветёт» и может храниться в бутылке долгое время, не теряя своих свойств.",,kudago,mixed,0.72,mixed kind/title signals,1,
kudago:21166,Нижний Новгород,парк «Щёлоковский хутор»,"park,attractions,suburb,recreation",walk,"Грандиозный ландшафтный памятник природы с озёрами, огромной лесополосой и одним из самых известных в России музеев деревянного зодчества. Сюда приезжают за тишиной, чистым воздухом, экскурсиями и великолепными видами.",,kudago,mixed,0.72,mixed kind/title signals,1,outdoor
otm:Q19909123,Новосибирск,Дом офицеров,"historic_architecture,architecture,interesting_places,other_buildings_and_structures",location,"Дом офицеров Новосибирского гарнизона — здание, построенное в 1925 году. Расположен в Центральном районе Новосибирска на углу Красного проспекта и улицы Гоголя. Ранее здание имело наименования: Дом инвалидов, Дом инвалидов Сибири, Окружной дом офицеров Красной Армии и др.Официальное современное наименование — Федеральное государственное бюджетное учреждение культуры и искусства «Дом офицеров Новосибирского гарнизона» Министерства обороны Российской Федерации.Объект культурного наследия народов России регионального значения.",,opentripmap,mixed,0.72,mixed kind/title signals,1,
kudago:20227,Новосибирск,база отдыха «Оазис»,suburb,walk,"Место с уникальным ландшафтом. Караканский бор, Обское водохранилище поблизости и озеро, где можно ловить форель.",пн–пт 8:30–17:30,kudago,mixed,0.72,mixed kind/title signals,1,
kudago:20225,Новосибирск,карповый пруд «Клевое место»,suburb,walk,"Пруд с удобными спусками к воде и облагороженный мостиками идеален для ловли карпов, сазанов, сомов, карасей и окуней.",,kudago,mixed,0.72,mixed kind/title signals,1,
kudago:21830,Новосибирск,озеро Чаны,"attractions,sights,suburb",walk,"Самое большое озеро Западной Сибири, находящиеся на территории сразу пяти районов Новосибирской области.",,kudago,mixed,0.72,mixed kind/title signals,1,
otm:W40661865,Самара,The Church of all Saints,"religion,churches,interesting_places,eastern_orthodox_churches",location,,,opentripmap,mixed,0.72,mixed kind/title signals,1,
kudago:4301,Самара,Иверский женский монастырь,"monastery,attractions",location,"Это главная православная святыня города, украшение и духовный центр Самары.",,kudago,mixed,0.72,mixed kind/title signals,1,
kudago:9366,Самара,Кирилло-Мефодиевский собор,"attractions,temple,church,recreation",location,"В середине 90-х двадцатого столетия было принято решение о возведении в новом жилмассиве, на улице Ново-Садовой одного из самых величественных и просторных соборов Среднего Поволжья — Кирилло-Мефодиевского собора.",,kudago,mixed,0.72,mixed kind/title signals,1,
otm:W423386833,Самара,Храм всех Святых,"religion,other_temples,interesting_places",location,,,opentripmap,mixed,0.72,mixed kind/title signals,1,
kudago:5961,Санкт-Петербург,Гатчинские гейзеры,"attractions,sights,suburb",walk,Природное чудо в Гатчине: удивительные лесные гейзеры.,,kudago,mixed,0.72,mixed kind/title signals,1,
kudago:259,Санкт-Петербург,Государственный музей-заповедник «Петергоф»,"palace,attractions,suburb,fountain",walk,Государственный музей-заповедник «Петергоф» — легендарный дворцово-парковый ансамбль с фонтанами.,ежедневно 9:00–20:00,kudago,mixed,0.72,mixed kind/title signals,1,outdoor
kudago:426,Санкт-Петербург,Музей-памятник «Исаакиевский собор»,"museums,attractions,temple",museum,Собор Исаакия Далматского — самый большой православный храм Северной столицы и рекордсмен по количеству связанных с ним легенд.,"пн, вт, чт–вс 10:00–18:00 (касса: пн, вт, чт–вс 10:00–17:30)",kudago,mixed,0.72,mixed kind/title signals,1,mixed
kudago:1341,Санкт-Петербург,Парк «Новая Голландия»,"park,art-space,attractions,sights,recreation",museum,"Новое пространство стало глотком свежего воздуха для Северной столицы. Книжный магазин, инсталляции, концертная площадка, лужайка летом, каток зимой и не только.","пн–чт 9:00–22:00, пт–вс 9:00–23:00",kudago,outdoor,0.78,outdoor kind/title signal,1,outdoor
kudago:257,Санкт-Петербург,Петропавловская крепость,"museums,attractions",museum,"Место, с которого начался Санкт-Петербург.",ежедневно 9:50–20:30,kudago,mixed,0.72,mixed kind/title signals,1,indoor
kudago:10341,Санкт-Петербург,Радоновые озёра,suburb,walk,Кристально чистая и полезная вода в Лопухинке.,,kudago,mixed,0.72,mixed kind/title signals,1,
kudago:1222,Санкт-Петербург,Смольный собор,"attractions,concert-hall",museum,"Смольный собор находится на левом берегу Невы, где в прошлом готовили смолу, применяемую в корабельном деле. Легенда гласит, что Елизавета, дочь царя Петра I, захотела пойти в монахини и для постройки монастыря нашла самое подходящее место у реки.","пн–сб 8:00–20:00, вс 7:00–20:00",kudago,mixed,0.72,mixed kind/title signals,1,indoor
kudago:1214,Санкт-Петербург,Храм Спаса на Крови,"museums,attractions,temple",museum,"Один из красивейших храмов мира построен на месте, где пролилась кровь (отсюда и название) царя Александра II. Средства для строительства памятного собора собирались по всей России.","пн, вт, чт–вс 10:00–18:00",kudago,indoor,0.92,indoor kind/title signal,1,mixed
kudago:1,Санкт-Петербург,"Эрмитаж (Зимний дворец, Главный музейный комплекс)",museums,museum,"Эрмитаж — один из крупнейших художественных и культурно-исторических музеев в мире. Чтобы осмотреть все его экспонаты, затрачивая хотя бы по одной минуте на каждый, понадобится более 11 лет.","вт, пт, сб 11:00–20:00, ср, чт, вс 11:00–18:00",kudago,mixed,0.72,mixed kind/title signals,1,indoor
kudago:918,Санкт-Петербург,Юсуповский дворец,"museums,palace,attractions",museum,"Этот дворец был ещё на первых изображениях петровского Петербурга. Однако своё историческое значение он получил, когда перешёл во владение дворянского знатного семейства Юсуповых. Все дворцы Петербурга с адресами, фотографиями и интересными фактами ищите на KudaGo.",ежедневно 10:00–19:30,kudago,mixed,0.72,mixed kind/title signals,1,mixed
kudago:8169,Сочи,Ахштырская пещера,"attractions,sights,suburb",walk,"Известная достопримечательность города-курорта Сочи, Ахштырская пещера, находится неподалеку от правого берега реки Мзымта в живописном Дрыхринском ущелье.",,kudago,mixed,0.72,mixed kind/title signals,1,
kudago:9705,Сочи,"Волконский дольмен, пос. Солоники","attractions,sights,suburb",walk,"Волконский дольмен — уникальный исторический памятник, единственный сохранившийся в мире монолитный дольмен времен бронзового века.",,kudago,mixed,0.72,mixed kind/title signals,1,
kudago:9272,Сочи,Парк культуры и отдыха,"park,attractions,suburb",walk,Отдохните всей семьей в тихом и приятном месте.,,kudago,mixed,0.72,mixed kind/title signals,1,outdoor
kudago:9709,Сочи,"водопад Бзогу, пос. Дагомыс","attractions,sights,suburb",walk,"Водопад Бзогу находится довольно далеко от популярных курортов, и раньше его навещали только опытные туристы, но в последние годы он становится все более популярным.",,kudago,mixed,0.72,mixed kind/title signals,1,
kudago:9704,Сочи,"водопады Макопсе, пос. Вишневка","attractions,sights,suburb",walk,"В районе пос. Вишневка расположены красивейшие водопады, которые носят название «водопады Макопсе». В этом месте сливается несколько небольших рек, и каждая из них может похвастаться собственными каскадами.",,kudago,mixed,0.72,mixed kind/title signals,1,
kudago:9273,Сочи,гора Фишт,"attractions,suburb",walk,Одна из самых высоких и популярных среди туристов вершин в России.,,kudago,mixed,0.72,mixed kind/title signals,1,
kudago:9279,Сочи,дельфинотерапия в Лазаревском,"kids,suburb,recreation",walk,Дельфинотерапия как лучшее лекарство.,,kudago,mixed,0.72,mixed kind/title signals,1,
kudago:9227,Сочи,долина реки Аше,"attractions,suburb",walk,"Это место также называют Изумрудной долиной — из-за того, что большинство деревьев здесь вечнозеленые.",,kudago,mixed,0.72,mixed kind/title signals,1,
kudago:9249,Сочи,кафе «Кавказ Вегас»,"restaurants,suburb",food,"Жареная форель — коронное блюдо этого кафе, приготовлена так, что пальчики оближешь.",ежедневно 9:00–1:00,kudago,mixed,0.72,mixed kind/title signals,1,mixed
kudago:9099,Сочи,кафе «Лунная дорожка»,"restaurants,suburb",food,Кафе с прекраснейшим видом на море с террасы.,,kudago,mixed,0.72,mixed kind/title signals,1,mixed
kudago:9113,Сочи,кафе «Мери»,"restaurants,suburb",food,Уютное кафе на первом этаже одноименной гостиницы в Джугбе.,,kudago,mixed,0.72,mixed kind/title signals,1,mixed
kudago:9733,Сочи,мини-отель «Коттедж-люкс»,"inn,suburb",walk,"Мини-отель «Коттедж-люкс» в поселке Нижнее Макопсе придется по душе тем, кто хочет отдохнуть среди девственной природы, одновременно пользуясь всеми благами цивилизации.",ежедневно весь день,kudago,mixed,0.72,mixed kind/title signals,1,
kudago:9340,Сочи,ресторан «Поляна»,"restaurants,suburb",food,"Ресторан-кафе, доступный всем.",,kudago,mixed,0.72,mixed kind/title signals,1,mixed
otm:W220511412,Ульяновск,Воскресенско-Германовский собор,"religion,cathedrals,interesting_places",location,,,opentripmap,mixed,0.72,mixed kind/title signals,1,
otm:W288634715,Ульяновск,Центральная Соборная мечеть,"religion,mosques,interesting_places",location,,,opentripmap,mixed,0.72,mixed kind/title signals,1,
otm:W414774295,Ульяновск,храм Воскресения Христова,"religion,churches,interesting_places,eastern_orthodox_churches",location,,,opentripmap,mixed,0.72,mixed kind/title signals,1,
otm:R8624720,Ульяновск,храм иконы Божией Матери «Неопалимая Купина»,"religion,churches,interesting_places,eastern_orthodox_churches",location,,,opentripmap,mixed,0.72,mixed kind/title signals,1,
otm:N1976219056,Ульяновск,храм преподобного Сергия Радонежского,"religion,churches,interesting_places,eastern_orthodox_churches",location,,,opentripmap,mixed,0.72,mixed kind/title signals,1,
kudago:20228,Уфа,база отдыха «Горный воздух»,suburb,walk,Финские домики и отменный улов на берегу Павловки.,,kudago,mixed,0.72,mixed kind/title signals,1,
kudago:21534,Уфа,усадьба Набатовых,"attractions,homesteads",location,"Старинный усадебный комплекс, выполненный в редком лепнинном стиле.",,kudago,mixed,0.72,mixed kind/title signals,1,
kudago:1624,Выборг,Дом-музей В. И. Ленина,museums,museum,В этом доме около столетия назад жил и работал В. И. Ленин,ежедневно 10:30–18:00; выходной: пн.,kudago,indoor,0.92,indoor kind/title signal,2,indoor
kudago:1629,Выборг,Кафе «Старый город»,restaurants,food,"Кафе, расположенное в центре старого города в Выборгее",,kudago,indoor,0.92,indoor kind/title signal,2,indoor
kudago:4187,Выборг,бар-ресторан «Трактир на Ржевском»,"restaurants,bar",food,"«Трактир на Ржевском» - уютный ресторан, оформленный в стиле чешско-немецких трактиров, с отличной кухней и всеми удобствами для спортивных болельщиков.",ежедневно 12:00–0:00,kudago,indoor,0.92,indoor kind/title signal,2,indoor
kudago:4176,Выборг,кафе «Аристократъ»,restaurants,food,"Кафе «Аристократъ» предлагает гостям блюда европейской и восточной кухни, оригинальные десерты и возможность отлично потанцевать.",ежедневно 10:00–3:00,kudago,indoor,0.92,indoor kind/title signal,2,indoor
kudago:4173,Выборг,ресторан Kajmon,restaurants,food,"В ресторане Kajmon можно отведать оригинальные и красочно оформленные японские, китайские и тайские блюда.",ежедневно 10:00–23:00,kudago,indoor,0.92,indoor kind/title signal,2,indoor
kudago:4141,Выборг,ресторан «Карелия»,restaurants,food,"В ресторане «Карелия» можно не только вкусно поесть, но и провести деловую встречу или конференцию, попеть караоке и потанцевать.",ежедневно 8:00–0:00,kudago,indoor,0.92,indoor kind/title signal,2,indoor
kudago:4142,Выборг,ресторан «Ника»,restaurants,food,"«Ника» - небольшой уютный ресторанчик с отличной европейской и русской кухней, баром и караоке.",ежедневно 8:00–0:00,kudago,indoor,0.92,indoor kind/title signal,2,indoor
kudago:4184,Выборг,ресторан «Норд-Вест»,restaurants,food,"«Норд-Вест» - один из старейших ресторанов Выборга, который славится отличной русской и европейской кухней, свежей ароматной выпечкой и замечательной итальянской пиццей.",ежедневно 9:00–0:00,kudago,indoor,0.92,indoor kind/title signal,2,indoor
otm:N3305351161,Екатеринбург,Keeer,"pubs,foods,tourist_facilities",food,,,opentripmap,indoor,0.92,indoor kind/title signal,2,indoor
otm:N6511779494,Екатеринбург,Papa Grill,"foods,fast_food,tourist_facilities",food,,,opentripmap,indoor,0.92,indoor kind/title signal,2,indoor
kudago:4001,Екатеринбург,Ural Vision Gallery,museums,museum,"Ural Vision Gallery — арт-пространство площадью 600 м², интернациональный проект в области современного искусства.",пн–сб 11:00–19:00,kudago,indoor,0.92,indoor kind/title signal,2,indoor
kudago:5744,Екатеринбург,«Премиум кафе»,restaurants,food,"Кафе с собственной экофермой. Все блюда приготовлены из продуктов, выращенных по технологии экологического земледелия.",пн–пт 9:00–18:00,kudago,indoor,0.92,indoor kind/title signal,2,indoor
otm:N2473063228,Екатеринбург,Аллёша (Небо),"wall_painting,cultural,urban_environment,interesting_places",walk,,,opentripmap,outdoor,0.92,outdoor kind/title signal,2,
otm:N7095758785,Екатеринбург,Бургер кинг,"foods,fast_food,tourist_facilities",food,,,opentripmap,indoor,0.92,indoor kind/title signal,2,indoor
otm:N3566630379,Екатеринбург,Вилка-Ложка,"foods,fast_food,tourist_facilities",food,,,opentripmap,indoor,0.92,indoor kind/title signal,2,indoor
kudago:33995,Екатеринбург,Галерея «Главный проспект»,museums,museum,"Крупнейший уральский центр современного искусства в здании бывшего аффинажного завода. Постоянные экспозиции, временные выставки, лекторий расположились на трёх этажах здания.",вт–вс 12:00–20:00,kudago,indoor,0.92,indoor kind/title signal,2,indoor
otm:N7968256217,Екатеринбург,Голосовое сообщение,"wall_painting,cultural,urban_environment,interesting_places",walk,,,opentripmap,outdoor,0.92,outdoor kind/title signal,2,
otm:N1322303836,Екатеринбург,Дом музыки,"cultural,theatres_and_entertainments,museums,interesting_places,music_venues,art_galleries",museum,"<p><span>Городской дом музыки </span>был создан в Екатеринбурге в 2006 году и объединил два ведущих коллектива – камерный оркестр В-А-С-Н и хор «Доместик» им. В. А. Копанева. Расположился Дом музыки в историческом здании, памятнике архитектуры, построенном в 1955 году в стиле «советского неоклассицизма» по проекту архитектора Е. В. Емельянова. Когда-то здесь показывали кино – старожилы помнят легендарный кинотеатр «Урал». </p><p>Сейчас в залах Дома музыки регулярно проходят концерты классической и современной академической музыки, площадка принимает не только екатеринбургских, но и российских, и зарубежных исполнителей. В Доме музыки проходят выставки, мероприятия для детей, здесь занимается детская хоровая студия. </p><p>Дом музыки является организатором традиционных городских фестивалей – летнего проекта Open Air Fest и Международного фестиваля камерной музыки «КАМЕР-Fest».</p>",,opentripmap,indoor,0.92,indoor kind/title signal,2,indoor
kudago:862,Екатеринбург,Екатеринбургский музей изобразительных искусств,museums,museum,Крупнейшее собрание шедевров изобразительного искусства на Урале.,ср–вс 11:00–19:00 (касса: ср–вс 11:00–18:30),kudago,indoor,0.92,indoor kind/title signal,2,indoor
kudago:5922,Екатеринбург,Екатеринбургский театр кукол,"kids,museums,theatre",museum,Екатеринбургский театр кукол был назван одним из лучших Международной Ассоциацией кукольных театров при ЮНЕСКО.,"касса: пн–пт 10:00–19:00, сб, вс 10:00–18:00",kudago,indoor,0.92,indoor kind/title signal,2,indoor
kudago:24708,Екатеринбург,Ельцин Центр,"art-centers,museums",museum,"Крупнейший общественный, культурный и образовательный центр, ставший точкой притяжения екатеринбуржцев. Посетителей здесь ждут музей памяти Бориса Ельцина, арт-галерея, научный парк для детей, образовательный центр, книжный магазин, кинозал, кафе, сувенирная лавка, библиотека и коворкинг.",ежедневно 10:00–22:00,kudago,indoor,0.92,indoor kind/title signal,2,indoor
otm:N4346117896,Екатеринбург,ЗаПой,"foods,bars,tourist_facilities",food,,,opentripmap,indoor,0.92,indoor kind/title signal,2,indoor
otm:N2303332780,Екатеринбург,КакАо-какаО,"foods,cafes,tourist_facilities",food,,,opentripmap,indoor,0.92,indoor kind/title signal,2,indoor
kudago:7204,Екатеринбург,Кафе-пекарня «Поль Бейкери»,restaurants,food,"Кафе-пекарня сети «Поль Бейкери» сочетает в себе лучшие европейские традиции, учитывая предпочтения российского потребителя.","пн–пт 8:00–21:00, сб 9:00–21:00, вс 10:00–20:00",kudago,indoor,0.92,indoor kind/title signal,2,indoor
otm:N474950570,Екатеринбург,Комсомолу Урала,"historic,monuments_and_memorials,urban_environment,cultural,interesting_places,sculptures,monuments",walk,Пáмятник Комсомо́лу Урала — монумент уральскому Комсомолу в Екатеринбурге авторства скульптора П. А. Сажина и архитектора Г. И. Белянкина. Открыт 16 января 1959 года на Комсомольской площади.После революционных событий и расстрела царской семьи в Екатеринбурге площадь на вершине Вознесенской горки получила название «Площадь Народной мести». В 1920 году с Кафедральной площади на площадь Народной мести перенесли бюст Карла Маркса работы С. Д. Эрьзи. В 1932 году на его месте была установлена скульптурная композиция «15 лет вооружённому комсомолу».,,opentripmap,outdoor,0.92,outdoor kind/title signal,2,
otm:N3145243578,Екатеринбург,Кузня,"foods,cafes,tourist_facilities",food,,,opentripmap,indoor,0.92,indoor kind/title signal,2,indoor
otm:N4818440121,Екатеринбург,"Кулинария ""Космос""","foods,fast_food,tourist_facilities",food,,,opentripmap,indoor,0.92,indoor kind/title signal,2,indoor
otm:N1821604091,Екатеринбург,Лепота,"foods,cafes,tourist_facilities",food,,,opentripmap,indoor,0.92,indoor kind/title signal,2,indoor
otm:N6511741200,Екатеринбург,Лотос,"cultural,urban_environment,interesting_places,installation",walk,,,opentripmap,outdoor,0.92,outdoor kind/title signal,2,
otm:N988564802,Екатеринбург,Магик Пицца,"foods,fast_food,tourist_facilities",food,,,opentripmap,indoor,0.92,indoor kind/title signal,2,indoor
kudago:910,Екатеринбург,Музей архитектуры и дизайна УрГАХУ,museums,museum,Музей с промышленным размахом.,ср–вс 11:00–19:00 (касса: ср–вс 11:00–18:30),kudago,indoor,0.92,indoor kind/title signal,2,indoor
kudago:865,Екатеринбург,Музей истории Екатеринбурга,museums,museum,Музейный комплекс располагается в нескольких зданиях с тематически законченными экспозициями.,ср–вс 11:00–19:00,kudago,indoor,0.92,indoor kind/title signal,2,indoor
kudago:5555,Екатеринбург,Музей истории и археологии Среднего Урала,museums,museum,"В самом центре Екатеринбурга находится излюбленное место ценителей истории родного края — Музей истории и археологии Среднего Урала, филиал Свердловского областного краеведческого музея.","вт, ср, пт 10:00–18:00, чт 11:00–19:00, сб, вс 11:00–18:00",kudago,indoor,0.92,indoor kind/title signal,2,indoor
kudago:5794,Екатеринбург,Музей кукол и детской книги «Страна чудес»,"kids,museums",museum,"Музей кукол и детской книги был основан в 1994 году в Литературном квартале Екатеринбурга и разместился в доме, где жила семья Дмитрия Мамина-Сибиряка.","пн–пт 10:00–19:00, сб 10:00–18:00",kudago,indoor,0.92,indoor kind/title signal,2,indoor
kudago:5786,Екатеринбург,Музей наивного искусства,museums,museum,"Произведения наивного искусства — это творческие работы неизвестных художников-самоучек и самодеятельное искусство, включая живопись, графику, скульптуру, архитектуру.",ср–вс 11:00–19:00,kudago,indoor,0.92,indoor kind/title signal,2,indoor
kudago:26496,Екатеринбург,Музей об ЭТОМ,"amusement,museums",museum,"Музей об ЭТОМ — необычный и современный проект с историческим контекстом, уникальными артефактами и смыслом. Здесь проходят лекции, мастер-классы, выставки и другие события, а также музей является официальным участником акции «Ночь музеев».",ежедневно 10:00–22:00,kudago,indoor,0.92,indoor kind/title signal,2,indoor
otm:N1096537769,Екатеринбург,Нигора,"foods,restaurants,tourist_facilities",food,,,opentripmap,indoor,0.92,indoor kind/title signal,2,indoor
otm:N2445267674,Екатеринбург,Памятник Владимиру Мулявину,"historic,monuments_and_memorials,interesting_places,monuments",location,,,opentripmap,outdoor,0.78,outdoor kind/title signal,2,
otm:N1964162500,Екатеринбург,Памятник Петру и Февронии Муромским,"historic,monuments_and_memorials,interesting_places,monuments",location,,,opentripmap,outdoor,0.78,outdoor kind/title signal,2,
kudago:5643,Екатеринбург,Памятник постовому инспектору,attractions,location,"У здания ГИБДД установлена скульптура постового инспектора, одетого в форму 50-х годов прошлого столетия. Зимняя форма инспектора времён советской эпохи состояла из шубы и валенок с калошами, в руках он держал жезл, а на ремне была кобура с боевым пистолетом.",,kudago,outdoor,0.78,outdoor kind/title signal,2,
kudago:35037,Екатеринбург,Парк развлечений Smile Park на Вайнера,"amusement,kids,photo-places",location,"В Smile Park в самом центре города собрано пять крутых интерактивных развлечений, где можно провести время с друзьями и всей семьёй. Гостей ждут лабиринты, впечатляющие фото-локации и захватывающие квесты.",ежедневно 11:00–22:00,kudago,outdoor,0.78,outdoor kind/title signal,2,outdoor
otm:N3659842598,Екатеринбург,Поварёшка,"foods,fast_food,tourist_facilities",food,,,opentripmap,indoor,0.92,indoor kind/title signal,2,indoor
kudago:5854,Екатеринбург,Свердловский государственный академический театр драмы,theatre,museum,"Свердловский государственный академический театр драмы существует уже 90 лет и радует зрителей как классическими постановками, так и новыми спектаклями.",,kudago,indoor,0.78,indoor kind/title signal,2,indoor
kudago:5558,Екатеринбург,Свердловский областной музей истории медицины,"museums,attractions,sights",museum,"Свердловский областной музей истории медицины — уникальное место в российской действительности. Идея его создания возникла в шестидесятые годы XX века, однако двери для первых посетителей были открыты лишь 18 ноября 1982 года.",пн–пт 11:00–17:00,kudago,indoor,0.92,indoor kind/title signal,2,indoor
kudago:5271,Екатеринбург,Смотровая площадка на небоскрёбе «Высоцкий»,"attractions,sights",location,"Небоскрёб «Высоцкий» — самое высокое здание Екатеринбурга, так что с его смотровой площадки город виден как на ладони.",ежедневно 11:00–22:00,kudago,outdoor,0.78,outdoor kind/title signal,2,
otm:N2290735107,Екатеринбург,Столовая,"foods,restaurants,tourist_facilities",food,,,opentripmap,indoor,0.92,indoor kind/title signal,2,indoor
otm:N4167424589,Екатеринбург,Счастье есть,"foods,cafes,tourist_facilities",food,,,opentripmap,indoor,0.92,indoor kind/title signal,2,indoor
otm:N2851923861,Екатеринбург,Сыто-место,"foods,cafes,tourist_facilities",food,,,opentripmap,indoor,0.92,indoor kind/title signal,2,indoor
otm:N1072140673,Екатеринбург,Тануки,"foods,restaurants,tourist_facilities",food,,,opentripmap,indoor,0.92,indoor kind/title signal,2,indoor
kudago:5951,Екатеринбург,Театр музыкальной комедии,"culture,attractions,theatre",museum,"Свердловская музкомедия — настоящий художественный «бренд», творческая марка, рождённая гениальными режиссёрами и актёрами прошлых лет.",касса: ежедневно 9:30–20:00,kudago,indoor,0.78,indoor kind/title signal,2,indoor
kudago:3930,Екатеринбург,Уральский государственный Театр эстрады,"concert-hall,theatre",museum,Театр эстрады с концертами и спектаклями для детей и взрослых.,ежедневно 10:30–19:30,kudago,indoor,0.78,indoor kind/title signal,2,indoor
kudago:4011,Екатеринбург,Харитоновский сад,"park,attractions",walk,"Сад, примыкающий к усадьбе Расторгуевых — Харитоновых, является местом притяжения для любителей фотографии благодаря красивой озёрной глади и необычайно живописным видам. Парк по праву считается одной из самых известных зелёных достопримечательностей Екатеринбурга.",,kudago,outdoor,0.78,outdoor kind/title signal,2,outdoor
otm:W35090291,Екатеринбург,Харитоновский сад,"urban_environment,gardens_and_parks,cultural,interesting_places",walk,"Харито́новский сад — английский парк в Екатеринбурге, примыкает к усадьбе Расторгуевых — Харитоновых. Парк заложен в 1826 году. В парке есть искусственное озеро с двумя насыпными островками и круглой беседкой-ротондой.",,opentripmap,outdoor,0.92,outdoor kind/title signal,2,
otm:N1546770097,Екатеринбург,Хот-доги,"foods,fast_food,tourist_facilities",food,,,opentripmap,indoor,0.92,indoor kind/title signal,2,indoor
kudago:3990,Екатеринбург,Центр традиционной народной культуры Среднего Урала,museums,museum,"Традиционная народная культура — неиссякаемый источник, питающий вдохновением людей творчества.","пн–пт 10:00–19:30, сб, вс 10:00–18:30",kudago,indoor,0.92,indoor kind/title signal,2,indoor
kudago:4665,Екатеринбург,Центральный парк культуры и отдыха имени Маяковского,"park,attractions",walk,"Центральный парк является живописным уголком и важным культурно-историческим достоянием Екатеринбурга. На огромной территории разместилось множество мест для развлечений и отдыха, среди которых более 50 разнообразных аттракционов.",ежедневно 6:00–0:00,kudago,outdoor,0.78,outdoor kind/title signal,2,outdoor
kudago:6028,Екатеринбург,Шарташский городской парк «Каменные палатки»,"park,attractions",walk,«Каменные палатки» располагаются вблизи озера Шарташ. Эта местность примечательна внушительными насыпями гранитных камней серого цвета.,,kudago,outdoor,0.78,outdoor kind/title signal,2,outdoor
kudago:18467,Екатеринбург,антикафе «Автограф»,anticafe,food,"Уютное пространство, в котором всегда происходит что-то интересное.","пн–пт, вс 11:00–23:00, сб 17:00–3:00",kudago,indoor,0.65,food category fallback,2,indoor
kudago:33146,Екатеринбург,арт-галерея Ельцин Центра,"art-centers,museums",museum,"Арт-галерея в крупнейшем общественном, культурном и образовательном центре Екатеринбурга известна своими громкими, концептуальными и талантливыми выставками, оказывающими влияние на всё уральское искусство.",вт–вс 10:00–21:00,kudago,indoor,0.92,indoor kind/title signal,2,indoor
kudago:4689,Екатеринбург,ботанический сад,"park,attractions",walk,"Ботанический сад на улице 8 Марта без зазрения совести можно назвать одним из самых красивых, романтичных и живописных мест в Екатеринбурге. Здесь воссоздана атмосфера нетронутой природы.","пн–чт 8:00–19:00, пт 8:00–18:00",kudago,outdoor,0.78,outdoor kind/title signal,2,outdoor
kudago:4684,Екатеринбург,верёвочный парк «Маугли»,"amusement,park,attractions,recreation",walk,Ищете место для активного отдыха с семьёй или друзьями? В верёвочном парке «Маугли» вы сможете ловко лазать по деревьям и примерить на себя в роль Тарзана или Маугли.,ежедневно 11:00–20:00 (касса: ежедневно 11:00–19:30),kudago,outdoor,0.78,outdoor kind/title signal,2,outdoor
kudago:20354,Екатеринбург,кафе «Московское»,restaurants,food,Кафе для праздничных торжеств.,"пн–пт 11:00–16:00, пт–вс 17:00–23:00",kudago,indoor,0.92,indoor kind/title signal,2,indoor
kudago:7207,Екатеринбург,кафе-пекарня «Французский пекарь»,restaurants,food,"Кафе, где всегда в ассортименте свежая выпечка по традиционным французским рецептам.","пн–пт 7:00–22:00, сб 8:00–22:00, вс 8:00–21:00",kudago,indoor,0.92,indoor kind/title signal,2,indoor
kudago:6126,Екатеринбург,кафе-пироговая «Подсолнухи»,restaurants,food,"Кафе, ранее располагавшееся на улице 8 марта, обзавелось новым уютным и просторным помещением с панорамными окнами. Заведение ежедневно радует посетителей свежеиспечённой выпечкой.",ежедневно 10:00–21:00,kudago,indoor,0.92,indoor kind/title signal,2,indoor
kudago:22633,Екатеринбург,кофе-бар «Бодрость кофе»,restaurants,food,"Прелесть этой кофейни в том, что она всегда рядом. Вы отправились на спортивное мероприятие или на фестиваль — любимый кофе поедет на событие вместе с вами.",,kudago,indoor,0.92,indoor kind/title signal,2,indoor
kudago:34853,Екатеринбург,креативный кластер «Л52»,"art-centers,museums",museum,"Новая локация на культурной карте Екатеринбурга с выставочным пространством, лекторием и мастерскими.",ср–вс 12:00–20:00,kudago,indoor,0.92,indoor kind/title signal,2,indoor
kudago:34770,Екатеринбург,культурно-просветительский центр «Эрмитаж-Урал»,"art-centers,museums",museum,"Представительство петербургского Государственного Эрмитажа, одного из самых богатых музеев России на Урале.",вт–вс 11:00–20:00,kudago,indoor,0.92,indoor kind/title signal,2,indoor
kudago:28542,Екатеринбург,музей «Екатеринбург-Центральный»,museums,museum,"Посетителей экспозиции музея ждёт знакомство с историческими интерьерами легендарной гостиницы, а также погружение в атмосферу начала XX века при помощи 3D-реальности, позволяющей ощутить дух времени и почувствовать себя участником событий вековой давности.",,kudago,indoor,0.92,indoor kind/title signal,2,indoor
kudago:34854,Екатеринбург,музей Андеграунда,"art-centers,museums",museum,Единственный уральский музей с уникальной коллекцией андеграундного искусства 1960—1980-х годов.,вт–вс 14:00–20:30,kudago,indoor,0.92,indoor kind/title signal,2,indoor
kudago:3997,Екатеринбург,музей Старика Б. У. Кашкина,"art-centers,museums",museum,"Этот необычный музей представляет собой творческую площадку, предназначенную для экспериментов с оригинальными формами современной городской культуры. Назван в честь легендарного персонажа неофициальной культуры Екатеринбурга Старика Букашкина (псевдоним фотографа, художника и стихотворца Евгения Малахина).","вт 14:00–18:00, сб 12:00–17:00",kudago,indoor,0.92,indoor kind/title signal,2,indoor
kudago:18870,Екатеринбург,музей природы Урала,museums,museum,"Музей природы — один из филиалов Свердловского краеведческого музея. Здесь выставлены уникальные экспонаты, благодаря которым складывается полное впечатление о том, какой была природа на Урале в давние времена, и том, что изменилось.","ср–пт 11:00–19:00, сб, вс 11:00–18:00",kudago,indoor,0.92,indoor kind/title signal,2,indoor
kudago:34518,Екатеринбург,музей советского быта «Сделано в СССР»,museums,museum,"Вспомнить детство и молодые годы или узнать, как жили в недалёком прошлом, приглашает одно из самых уютных выставочных пространств города — музей советского быта «Сделано в СССР».",ежедневно 11:00–19:00,kudago,indoor,0.92,indoor kind/title signal,2,indoor
kudago:6140,Екатеринбург,музей-театр «Барабанный дом»,"museums,theatre",museum,"В музее-театре проходят театрализованные интерактивные экскурсии, детские и взрослые дни рождения, корпоративные чудодейства, праздники и мастер-классы.",ежедневно 12:00–22:00,kudago,indoor,0.92,indoor kind/title signal,2,indoor
otm:N1273314796,Екатеринбург,огонь. бургер. бар.,"foods,cafes,tourist_facilities",food,,,opentripmap,indoor,0.92,indoor kind/title signal,2,indoor
kudago:5851,Екатеринбург,памятник хоккеистам «Локомотива»,attractions,location,Памятник установлен при входе во Дворец спорта «Уралец». Торжественное открытие монумента состоялось 7 сентября 2011 года.,,kudago,outdoor,0.78,outdoor kind/title signal,2,
kudago:6031,Екатеринбург,парк «Зелёная роща»,"park,attractions",walk,"Один из удивительных парков Екатеринбурга, красота которого превосходит все ожидания.",ежедневно весь день,kudago,outdoor,0.78,outdoor kind/title signal,2,outdoor
kudago:5218,Екатеринбург,парк активного отдыха «Виктори Парк»,"park,attractions",walk,"Место, где можно отдохнуть всей семьёй — пока дети играют на специально оборудованных для них площадках, взрослые могут покататься велосипедах, а потом все вместе поесть шашлыки.",ежедневно 10:00–23:00,kudago,outdoor,0.78,outdoor kind/title signal,2,outdoor
kudago:35081,Екатеринбург,пиццерия «Папа Римский»,restaurants,food,"Колоритная итальянская кухня в удобном формате бистро: хрустящая пицца, сочные салаты, нежные десерты в стильном минималистичном интерьере или навынос.",ежедневно 10:00–22:00,kudago,indoor,0.92,indoor kind/title signal,2,indoor
kudago:4844,Екатеринбург,ресторан «ДеВиль»,restaurants,food,"В гостеприимном ресторане три уютных наполненных солнечным светом зала. Здесь могут комфортно разместиться 80 посетителей, имеется VIP-зона и танцевальный зал.",ежедневно 7:00–23:00,kudago,indoor,0.92,indoor kind/title signal,2,indoor
kudago:7102,Екатеринбург,ресторан «Сербский дворик»,restaurants,food,"Настоящая балканская кухня, где блюда готовятся по старым национальным рецептам.",ежедневно 12:00–23:59,kudago,indoor,0.92,indoor kind/title signal,2,indoor
kudago:20645,Екатеринбург,светомузыкальный фонтан в Историческом сквере,"attractions,fountain",location,"Светомузыкальный фонтан, расположившийся в Историческом сквере столицы Урала — это уникальное по своему устройству сооружение. Его открытие состоялось в августе 2013 года и было приурочено к 290-летию Екатеринбурга.",,kudago,outdoor,0.78,outdoor kind/title signal,2,outdoor
kudago:22346,Екатеринбург,сеть кулинарий «Космос»,restaurants,food,"Выглядит это место как обычная столовая. Но это впечатление держится ровно до той секунды, пока в рот не попадет первый кусок местной еды и выпечки.",ежедневно 8:00–21:00,kudago,indoor,0.92,indoor kind/title signal,2,indoor
kudago:22347,Екатеринбург,сеть пироговых «Штолле»,restaurants,food,"Здесь столько видов пирогов, сколько вы можете себе представить, и даже больше.",ежедневно 9:00–21:00,kudago,indoor,0.92,indoor kind/title signal,2,indoor
kudago:23131,Екатеринбург,служба доставки American Hot Pizza,restaurants,food,"Американская пицца отличается от итальянской толщиной теста: в Штатах любят пышную основу, а в Италии – тончайшую. В этом заведении на отсутствие мучной составляющей «круглого лакомства» жаловаться не будет никто.",ежедневно 8:00–3:00,kudago,indoor,0.92,indoor kind/title signal,2,indoor
kudago:33239,Казань,Галерея современного искусства «БИЗОN»,museums,museum,Частная арт-галерея «БИЗОN» приглашает познакомиться с многогранным и противоречивым миром современного искусства.,ежедневно 12:00–20:00,kudago,indoor,0.92,indoor kind/title signal,2,indoor
kudago:7751,Казань,Детский развлекательный парк «Корстон»,"kids,park,attractions",walk,В клубном отеле располагается детский игровой центр с аттракционами и сухим бассейном.,ежедневно 10:00–22:00,kudago,outdoor,0.78,outdoor kind/title signal,2,outdoor
kudago:22857,Казань,Добрая столовая,restaurants,food,"Название соответствует тому, что вы увидите внутри: здесь приветливый персонал, вкусная еда, а цены не то, что не кусаются, а практически встречают вас, виляя хвостом! Тем, кто хочет сэкономить, здесь очень понравится: по утрам можно отлично позавтракать, а в обед насладиться бизнес-ланчем.","пн–пт 7:30–21:00, сб, вс 8:00–21:00",kudago,indoor,0.92,indoor kind/title signal,2,indoor
kudago:8364,Казань,Дом-музей Василия Аксёнова,museums,museum,"Дом знаменитого русского писателя располагается в старинном особняке на одной из центральных улиц Казани. Сейчас здесь располагается музей, мини-отель, и развлекательный комплекс «Перекресток Джаза».","вт–сб 10:00–18:00, вс 10:00–16:00",kudago,indoor,0.92,indoor kind/title signal,2,indoor
kudago:7716,Казань,Дом-музей Ленина,museums,museum,"Экспозиция музея представляет уникальные в своем роде мемориальные вещи, связанные с жизнью вождя пролетариата В.И. Ленина.",вт–вс 10:00–17:00,kudago,indoor,0.92,indoor kind/title signal,2,indoor
kudago:7848,Казань,Казанский Государственный театр юного зрителя,theatre,museum,"Первый спектакль театра юного зрителя состоялся 30 ноября 1932 года, эта дата считается днём рождения казанского ТЮЗа.",ежедневно 9:00–19:00,kudago,indoor,0.78,indoor kind/title signal,2,indoor
kudago:5279,Казань,Казанский академический русский драматический театр имени Качалова,theatre,museum,Один из крупнейших и старейших драматических театров России отпраздновал в 2021 году свое 230-летие.,"начало дневных спектаклей в 11:00, вечерних в 18:00",kudago,indoor,0.78,indoor kind/title signal,2,indoor
kudago:31140,Казань,Кремлёвская набережная,attractions,location,Кремлёвская набережная — любимое место для прогулок жителей и гостей Казани в любое время года.,,kudago,outdoor,0.78,outdoor kind/title signal,2,
kudago:4694,Казань,Литературный музей Габдуллы Тукая,museums,museum,"Музей посвящен великому татарскому поэту, без которого немыслима ни татарская литература, ни современный татарский язык.","вт, ср, сб, вс 10:00–18:00, чт 13:00–21:00, пт 10:00–17:00",kudago,indoor,0.92,indoor kind/title signal,2,indoor
kudago:7854,Казань,Молодёжный театр на Булаке,theatre,museum,Самый яркий молодёжный театр европейского формата в Казани заставляет зрителя по-новому взглянуть на театральное искусство.,касса: ежедневно 10:00–20:00,kudago,indoor,0.78,indoor kind/title signal,2,indoor
kudago:4693,Казань,Музей Евгения Боратынского,"museums,attractions",museum,"Музей посвящён выдающемуся русскому поэту пушкинской эпохи, мастеру элегии и философской лирики.","вт, ср, сб, вс 10:00–18:00, чт 12:00–20:00, пт 10:00–17:00",kudago,indoor,0.92,indoor kind/title signal,2,indoor
kudago:4638,Казань,Музей естественной истории Татарстана,museums,museum,"Музей естественной истории – научно-образовательное учреждение и информационный центр, где собраны данные о геологической истории Татарстана, его ископаемых, животном и растительном мире, а также о минерально-сырьевых ресурсах.","вт–чт, сб, вс 10:00–18:00, пт 11:00–20:00",kudago,indoor,0.92,indoor kind/title signal,2,indoor
kudago:4698,Казань,Музей изобразительных искусств Республики Татарстан,museums,museum,Государственный музей изобразительных искусств Республики Татарстан — один из крупнейших и известнейших художественных музеев России.,"вт, ср, пт–вс 10:00–18:00, чт 10:00–20:00",kudago,indoor,0.92,indoor kind/title signal,2,indoor
kudago:4678,Казань,Музей пожарной охраны,"kids,museums",museum,"Здание музея пожарной охраны находится в Кировском районе Казани и состоит из пяти залов и одного кинозала, в котором можно посмотреть фильмы о пожарной безопасности.","пн–чт с 8:00 до 17:00, пт до 16:00",kudago,indoor,0.92,indoor kind/title signal,2,indoor
kudago:4700,Казань,Музей-квартира Мусы Джалиля,museums,museum,"Литературно-мемориальный музей создан в квартире, где жил Муса Джалиль — знаменитый поэт, Герой Советского Союза.","вт–чт, сб, вс 10:00–18:00, пт 10:00–17:00",kudago,indoor,0.92,indoor kind/title signal,2,indoor
kudago:7798,Казань,Национальная художественная галерея «Хазинэ»,museums,museum,Галерея «Хазинэ» — филиал казанского Государственного музея изобразительных искусств — располагается на территории Казанского кремля. Здесь экспонируется более 2 000 произведений художников казанской школы и отражены два века развития изобразительного искусства республики. Именно здесь выставлены работы знаменитых Баки Урманче и Николая Фешина.,"вт, ср, пт–вс 10:00–18:00, чт 11:00–20:00",kudago,indoor,0.92,indoor kind/title signal,2,indoor
kudago:4702,Казань,Национальный музей Республики Татарстан,"museums,attractions",museum,"Крупнейшее научно-исследовательское и образовательное учреждение в Татарстане, сохраняющее ценное художественное, культурное и литературное наследие республики.","пн, вс 10:00–18:00, вт–сб 10:00–20:00 (касса: пн, вс 10:00–17:00, вт–сб 10:00–19:00)",kudago,indoor,0.92,indoor kind/title signal,2,indoor
kudago:7812,Казань,Памятник казанскому коту,attractions,location,"Казанцы и гости города могут наблюдать на пересечении улиц Баумана и Мусы Джалиля ленивого пузатого кота, который разлёгся на мягком пуфике.",,kudago,outdoor,0.78,outdoor kind/title signal,2,
kudago:7816,Казань,Парк Чёрное озеро,"park,attractions,recreation",walk,Рядом с университетским городком находятся уникальный водоём под названием Чёрное озеро и одноименный живописный парк.,,kudago,outdoor,0.78,outdoor kind/title signal,2,outdoor
kudago:36097,Казань,Развлекательный комплекс на улице Баумана,"amusement,museums,sights,recreation",museum,В самом центре Казани появились два удивительных пространства: Музей Казней и пыток и Музей Аномалий тела. А недавно их дополнила новая выставка про колдовство. Шокирующие экспонаты и удивительные истории ждут самых смелых.,ежедневно 10:00–22:00,kudago,indoor,0.92,indoor kind/title signal,2,indoor
kudago:9055,Казань,Развлекательный центр MazaPark,"amusement,bar,sights,recreation",food,"Чтобы незабываемо провести время с друзьями и близкими, отправляйтесь в MazaPark! Это одна из современных достопримечательностей Казани, здесь можно почувствовать город через эмоции, активный отдых и атмосферу праздника.","пн–пт 12:00–6:00, сб, вс 10:00–6:00",kudago,indoor,0.65,food category fallback,2,indoor
kudago:5281,Казань,Татарский государственный театр драмы и комедии имени Карима Тинчурина,theatre,museum,Театр драмы и комедии организован в 1933 году по инициативе Карима Тинчурина.,ежедневно 10:00–19:00,kudago,indoor,0.78,indoor kind/title signal,2,indoor
kudago:5283,Казань,Татарский государственный театр кукол «Экият»,"kids,theatre",museum,"Крупнейший кукольный театр России, работающий на русском и татарском языках.",ежедневно 9:00–19:00,kudago,indoor,0.78,indoor kind/title signal,2,indoor
kudago:21684,Казань,Фабрика Алафузова,"art-centers,museums,workshops",museum,Необычное для Казани лофт-пространство разместилось в здании мануфактур купца Первой гильдии Ивана Алафузова.,"пн–пт 9:00–22:00, сб, вс 10:00–0:00",kudago,indoor,0.92,indoor kind/title signal,2,indoor
kudago:5277,Казань,Центральный парк культуры и отдыха имени Горького,"park,attractions",walk,Крупнейший в прошлом парк являлся излюбленным местом отдыха казанцев. Его живописную территорию называли в прошлом называли «Русской Швейцарией».,ежедневно весь день,kudago,outdoor,0.78,outdoor kind/title signal,2,outdoor
kudago:34880,Казань,бар «Соль»,bar,food,"«Соль» — легендарное место, притягивающее молодёжь со всей Казани. Сегодня почти невозможно представить, что раньше на Профсоюзной улице не было этого аутентичного заведения.","пн–чт, вс 11:00–3:00, пт, сб 11:00–4:00",kudago,indoor,0.78,indoor kind/title signal,2,indoor
kudago:27460,Казань,галерея Славы Зайцева,museums,museum,"В персональной галерее однофамильца известного российского модельера представлены уникальные картины, созданные без помощи красок.",ежедневно 10:00–20:00,kudago,indoor,0.92,indoor kind/title signal,2,indoor
kudago:18393,Казань,галерея современного искусства,museums,museum,Персональные экспозиции художников и международные выставочные проекты.,вт–вс 11:00–20:00 (касса: вт–вс 11:00–19:30),kudago,indoor,0.92,indoor kind/title signal,2,indoor
kudago:20095,Казань,кафе «Ширван»,restaurants,food,"Отличное место для посиделок в дружной компании, семейном кругу или для проведения более крупных мероприятий. А еще здесь готовят один из самых вкусных шашлыков в городе.",ежедневно 10:00–1:00,kudago,indoor,0.92,indoor kind/title signal,2,indoor
kudago:7696,Казань,мост «Миллениум»,"attractions,sights,bridge",location,Открытие самого большого и самого высокого моста в Казани состоялось 29 июля 2005 года.,,kudago,outdoor,0.78,outdoor kind/title signal,2,outdoor
kudago:4639,Казань,музей исламской культуры,museums,museum,Музей исламской культуры располагается на цокольном этаже одного из знаковых зданий города — мечети Кул Шариф.,ежедневно 9:00–19:30,kudago,indoor,0.92,indoor kind/title signal,2,indoor
kudago:20906,Казань,музей-заповедник «Татар Авылы»,"museums,stable",museum,Татарский этнографический музей и контактный зоопарк под открытым небом. Здесь полностью воссоздан быт и традиции татарских поселений средних веков.,ежедневно 9:00–16:00,kudago,indoor,0.92,indoor kind/title signal,2,mixed
kudago:8216,Казань,памятник зодчим Казанского кремля,attractions,location,У здания бывшего Архиерейского дома на территории Казанского кремля в скверике установлен памятник посвященным зодчим Казанского кремля.,,kudago,outdoor,0.78,outdoor kind/title signal,2,
kudago:8203,Казань,памятник учителю,attractions,location,В 2010 году появился первый в Татарстане памятник посвященный учителям.,,kudago,outdoor,0.78,outdoor kind/title signal,2,
kudago:7979,Казань,парк Урицкого,"park,attractions,recreation",walk,"Парк, расположенный в Московском районе Казани, является одним из наиболее крупных и ухоженных в городе.",,kudago,outdoor,0.78,outdoor kind/title signal,2,outdoor
kudago:36285,Казань,парк альпак «Пача Мама»,"amusement,kids,park",walk,"«Пача Мама» — парк для всей семьи, расположенный у острова-града Свияжск. Здесь обитают симпатичные альпаки, гигантские кролики, алтайские олени и шустрые козочки. Многих животных можно гладить и кормить. Читателям KUDAGO — скидка!",,kudago,outdoor,0.78,outdoor kind/title signal,2,outdoor
kudago:8184,Казань,площадь Свободы,"attractions,sights",location,Площадь славится большим количеством исторических памятников и расположенными на ней важными для города и республики учреждениями.,,kudago,outdoor,0.78,outdoor kind/title signal,2,
kudago:8167,Казань,площадь Тысячелетия,"attractions,sights",location,Крупнейшая и самая известная из двух главных площадей столицы Татарстана — главное место проведения культурно-массовых и общественных мероприятий.,,kudago,outdoor,0.78,outdoor kind/title signal,2,
kudago:8170,Казань,площадь Юнусовская,"attractions,sights",location,"Небольшая площадь, подобно скверу утопающая в зеленых насаждениях, расположена на пересечении улиц Габдуллы Тукая и Фатыха Карима.",,kudago,outdoor,0.78,outdoor kind/title signal,2,
kudago:18834,Казань,театр юного зрителя имени Габдуллы Кариева,theatre,museum,Классический театр для детей и молодежи имени заслуженного деятеля искусств Габдуллы Кариева.,,kudago,indoor,0.78,indoor kind/title signal,2,indoor
kudago:8366,Казань,фонтан на озере Нижний Кабан,"attractions,sights,fountain",location,На сегодняшний день его называют одним из главных и крупнейших городских фонтанов Казани.,,kudago,outdoor,0.78,outdoor kind/title signal,2,outdoor
kudago:18833,Казань,центр «Эрмитаж-Казань»,museums,museum,"Популярный музей и лекторий на территории исторического Кремля, где проходят как исторические экспозиции, так и выставки произведений современного искусства.","пн–чт, сб, вс 10:00–18:00, пт 11:00–20:00",kudago,indoor,0.92,indoor kind/title signal,2,indoor
kudago:4414,Краснодар,Детский театр балета «МИМОЛЕТНОСТИ»,theatre,museum,Вначале 90-ых группа талантливых детей одетых в сшитые из марли пачки выступали в маленьком балетном классе средней школы Краснодара.,ежедневно 10:00–18:00,kudago,indoor,0.78,indoor kind/title signal,2,indoor
kudago:7963,Краснодар,Екатерининский сквер,"attractions,recreation",location,"Примечательно, но территория Екатерининского сквера считается местом основания города Краснодара.",,kudago,outdoor,0.78,outdoor kind/title signal,2,
kudago:4409,Краснодар,Новый театр кукол,theatre,museum,"Если ваш ребенок возвратился из детского сада хмурым и заявил, что его там не любят и не понимают, что детство закончилось и так далее в том же духе — поведите свое чадо в Новый театр кукол.",ежедневно 10:00–18:00,kudago,indoor,0.78,indoor kind/title signal,2,indoor
kudago:22371,Краснодар,Пуэр-бар,bar,food,"Клуб ценителей чая, где можно научиться проведению чайной церемонии и купить всё, что для неё необходимо.",,kudago,indoor,0.65,food category fallback,2,indoor
kudago:32199,Краснодар,банкетный зал Grand City Hall,restaurants,food,Банкетный зал Grand City Hall — роскошная площадка с продуманным интерьером и полным техническим оснащением для незабываемых мероприятий.,ежедневно 9:00–2:00,kudago,indoor,0.92,indoor kind/title signal,2,indoor
kudago:9089,Краснодар,караоке-бар «Zапой»,bar,food,"Слова «петь» и «пить» очень похожи. В караоке-баре «Zапой» можно с успехом и удовольствием заниматься и тем, и другим",ежедневно 19:00–6:00,kudago,indoor,0.65,food category fallback,2,indoor
kudago:20897,Краснодар,кафе «Джелато Шоколато»,restaurants,food,"Фирменные тёмно-коричневые прилавки с мороженым, которые владельцы заведений называют «джелатерии», стали появляться в торговых центрах Краснодара сравнительно недавно. Здесь можно попробовать итальянское мороженое с различными натуральными добавками.",,kudago,indoor,0.92,indoor kind/title signal,2,indoor
kudago:21047,Краснодар,кафе «Эра Водолея»,restaurants,food,"Недорогое, но очень уютное кафе ведической кухни. Здесь вас не только угостят здоровой пищей, но и научат её готовить.",,kudago,indoor,0.92,indoor kind/title signal,2,indoor
kudago:8897,Краснодар,кафе-бар «Куба»,"restaurants,bar",food,В кафе-баре «Куба» можно полюбоваться на портреты эпатажных революционеров и попробовать знаменитые кубинские коктейли.,ежедневно 11:00–2:00,kudago,indoor,0.92,indoor kind/title signal,2,indoor
kudago:8853,Краснодар,кафе-ресторан «Любо-дорого»,restaurants,food,Колоритное заведение в этническом стиле с любимыми блюдами русской кухни.,ежедневно 10:00–23:00,kudago,indoor,0.92,indoor kind/title signal,2,indoor
kudago:30570,Краснодар,музей занимательных наук «ЭйнштейниУм»,"kids,museums",museum,"Потрогать молнию, заставить кипеть холодную воду, создать облако, познакомиться с удивительными физическими явлениями, стать участником научных опытов — это и многое другое можно сделать в уникальном интерактивном музее «ЭйнштейниУм», в котором все экспонаты не только можно, но и нужно трогать руками.",ежедневно 10:00–20:00,kudago,indoor,0.92,indoor kind/title signal,2,indoor
kudago:7596,Краснодар,памятник Труду-освободителю,attractions,location,"Двадцатиметровый памятник Труду-освободителю, на котором изображен образ рабочего со строгим взглядом и молотом в руке – в народе больше знают, как «мужа Авроры» или «Фантомас».",,kudago,outdoor,0.78,outdoor kind/title signal,2,
kudago:7624,Краснодар,"памятник студентам, преподавателям и сотрудникам Политехнического Университета, погибшим на фронтах Великой Отечественной войны",attractions,location,Возле здания Краснодарского Политехнического Института в канун 45-й годовщины от начала Второй мировой войны установлена трогательная скульптура – советский солдат встал на защиту маленькой девочки.,,kudago,outdoor,0.78,outdoor kind/title signal,2,
kudago:4396,Краснодар,парк «Городской сад»,"amusement,kids,park,attractions,fountain",walk,"Изумительный уголок природы утопает в парковых аллеях из черного ореха, липы, софоры японской, лещины и красного дуба.",,kudago,outdoor,0.78,outdoor kind/title signal,2,outdoor
kudago:8865,Краснодар,пивной ресторан «Стадион №1»,restaurants,food,"Если уж вы спортивный болельщик, то болеть за любимую команду вполне логично на стадионе. А если к этому еще прилагается кружечка пива с хорошей закуской, то большего и желать нельзя!",ежедневно 12:00–2:00,kudago,indoor,0.92,indoor kind/title signal,2,indoor
kudago:8868,Краснодар,ресторан Belezza,restaurants,food,Итальянское слово «Belezza» в переводе означает «красота». И этому заведению оно подходит как нельзя лучше – во всех отношениях.,ежедневно 11:00–0:00,kudago,indoor,0.92,indoor kind/title signal,2,indoor
kudago:21427,Краснодар,ресторан MOST,restaurants,food,"Новое, но уже весьма известное среди краснодарских гурманов заведение. Вечером здесь радуют посетителей диджей-сетами, а днём — авторскими рецептами.",,kudago,indoor,0.92,indoor kind/title signal,2,indoor
kudago:21644,Краснодар,ресторан «Пастель»,restaurants,food,"Единственный ресторан Краснодара, интерьер которого разрабатывали дизайнеры из Великобритании.",,kudago,indoor,0.92,indoor kind/title signal,2,indoor
kudago:9021,Краснодар,ресторан «Ширван»,restaurants,food,"Большой ресторан, который с истинно восточной щедростью и гостеприимством предлагает каждому посетителю условия отдыха и блюда, которые для него наиболее привычны, располагая кавказской и европейской кухней.",ежедневно 11:00–0:00,kudago,indoor,0.92,indoor kind/title signal,2,indoor
kudago:21346,Краснодар,ресторанно-гостиничный комплекс «Казачий стан»,"restaurants,inn",food,"Тёплый приём, море вкусной и разнообразной еды, целая палитра дачных развлечений,а главное, чистый воздух и красивые пейзажи делают это заведение одним из лучших в сфере загородного отдыха.",,kudago,indoor,0.92,indoor kind/title signal,2,indoor
kudago:22923,Краснодар,спортбар «Фанат»,bar,food,"Спортивные трансляции, тематические вечеринки, вкусная еда и неплохой выбор пива — все, что нужно настоящему фанату.",ежедневно 12:00–2:00,kudago,indoor,0.65,food category fallback,2,indoor
kudago:7357,Краснодар,художественная галерея «Арт-Союз»,museums,museum,Галерея изобразительного искусства расположилась в старинном особняке Краснодара по улице Октябрьской.,"пн–пт 10:00–18:00, сб, вс 12:00–18:00",kudago,indoor,0.92,indoor kind/title signal,2,indoor
kudago:15004,Красноярск,«Руки Вверх Бар»,"bar,clubs",food,"Любите 90-е и все, что с этим связано? Эх, старые добрые времена, когда все собирались на квартире, слушали музыку с кассеты, играли в «Сегу» и «Денди» и весело проводили время вместе… Верните это ощущение, посетив «Руки Вверх бар».",ежедневно 11:00–6:00,kudago,indoor,0.78,indoor kind/title signal,2,indoor
kudago:17037,Красноярск,Караоке-клуб «Play-Пой»,bar,food,"Почувствовать себя поп-звездой не в мечтах и фантазиях, а на сцене с самой настоящей публикой – то, что сегодня может себе позволить практически каждый.",чт–сб 20:00–6:00,kudago,indoor,0.65,food category fallback,2,indoor
kudago:16707,Красноярск,Международный выставочно-деловой центр «Сибирь» им. Карена Мурадяна,museums,museum,"Украшением и культурным центром делового Красноярска по праву считается МВДЦ «Сибирь». Здесь организуют бизнес-встречи, художественные выставки, масштабные мастер-классы.",ежедневно 9:00–18:00,kudago,indoor,0.92,indoor kind/title signal,2,indoor
kudago:23057,Красноярск,гастропаб LONDON of pride,restaurants,food,"О том, что создатели заведения вдохновлялись столицей Великобритании, говорит не только название.",ежедневно весь день,kudago,indoor,0.92,indoor kind/title signal,2,indoor
kudago:27704,Красноярск,кафе Kannam Chicken,restaurants,food,"В этом заведении можно отведать блюда, которые приготовлены по традиционным корейским рецептам.",ежедневно 11:00–0:00,kudago,indoor,0.92,indoor kind/title signal,2,indoor
kudago:16525,Красноярск,кафе «Крем»,restaurants,food,"Вы никогда не задумывались, что названия многих оттенков звучат очень нежно и вкусно: кофейный, кремовый, топленое молоко, шоколадный, салатовый… В кафе «Крем» собраны самые аппетитные цвета и полутона, чтобы ваше пребывание здесь было вкусным не только с гастрономической точки зрения.",ежедневно весь день,kudago,indoor,0.92,indoor kind/title signal,2,indoor
kudago:16810,Красноярск,ресто-клуб «Стерлинг»,"restaurants,clubs",food,"Так здорово начать вечер с хорошего ужина в приятной компании, а продолжить его бесшабашной ночью в клубе, где исполняются самые сокровенные желания. Вот только совсем не хочется ехать из одного места в другое. Но больше вам это и не нужно.",ежедневно 12:00–6:00,kudago,indoor,0.92,indoor kind/title signal,2,indoor
kudago:25666,Красноярск,рестомаркет VINEGRET BUFET,restaurants,food,"В VINEGRET BUFET нет официантов, зато средний чек составляет всего 400 рублей.","пн–чт, вс 10:00–22:00, пт, сб 10:00–0:00",kudago,indoor,0.92,indoor kind/title signal,2,indoor
kudago:25665,Красноярск,ресторан Kim's,restaurants,food,"Ассортимент так полюбившихся всем коробочек с китайской лапшой и рисом здесь чуть богаче, чем в других заведениях — и, к тому же, готовят их по оригинальным рецептам шеф–повара.","пн–чт, вс 10:00–23:00, пт, сб 10:00–0:00",kudago,indoor,0.92,indoor kind/title signal,2,indoor
kudago:15034,Красноярск,ресторан «15’58°»,restaurants,food,Имя ресторану подсказало само его местонахождение. 15’58° - координаты заведения по северной широте.,ежедневно 12:00–0:00,kudago,indoor,0.92,indoor kind/title signal,2,indoor
kudago:15039,Красноярск,ресторан «Н.Г. Гадаловъ»,restaurants,food,"Отменный сервис, вкуснейшая еда с декоративной подачей, богемский интерьер – все эти слова наилучшим образом описывают политику ресторана «Н.Г. Гадаловъ».","пн–сб 12:00–0:00, вс 13:00–0:00",kudago,indoor,0.92,indoor kind/title signal,2,indoor
kudago:21620,Красноярск,ресторан «Сударь»,restaurants,food,"В этом заведении особое внимание уделяют соблюдению традиций, будь то дизайн заведения, работа обслуживающего персонала или рецепты приготовления блюд.",,kudago,indoor,0.92,indoor kind/title signal,2,indoor
kudago:15036,Красноярск,ресторан «Хозяин тайги»,restaurants,food,"Название ресторана выбрано не случайно. Здание заведения располагается в парковой зоне, где воздух чист и свеж, и движение времени, кажется, остановило свой постоянный ход. Прервись на миг и отдохни от суматохи большого города с «Хозяином тайги».",ежедневно 12:00–0:00,kudago,indoor,0.92,indoor kind/title signal,2,indoor
kudago:16781,Красноярск,суши-бар «Икрiнка»,restaurants,food,"Суши-бар «Икрiнка» порадует ценителей классической японской кухни. В заведении готовят десятки видов суши, роллов и маки, предлагают горячие и холодные закуски на любой вкус, довольно успешно колдуют над морепродуктами и овощными блюдами.",ежедневно 10:00–22:00,kudago,indoor,0.92,indoor kind/title signal,2,indoor
kudago:4440,Москва,Большой Москворецкий мост,"attractions,sights,bridge",location,Самый большой мост Москвы.,,kudago,outdoor,0.78,outdoor kind/title signal,2,outdoor
kudago:10883,Москва,Галерея искусства стран Европы и Америки XIX–XX веков,museums,museum,В 2006 году Музей изобразительного искусства имени Пушкина открыл новый отдел — Галерею искусства стран Европы и Америки XIX–XX веков. Коллекция галереи занимает 26 экспозиционных помещений.,"вт, ср, сб, вс 11:00–20:00, чт, пт 11:00–21:00",kudago,indoor,0.92,indoor kind/title signal,2,indoor
kudago:96,Москва,Дарвиновский музей,"kids,museums",museum,"Огромная наглядная иллюстрация теории Чарльза Дарвина: десятки тысяч экспонатов, за каждым из которых стоит целая история.",вт–вс 10:00–18:00,kudago,indoor,0.92,indoor kind/title signal,2,indoor
kudago:1147,Москва,Дом Бурганова,museums,museum,Немноголюдный и очень интересный музей современного искусства.,ежедневно 11:00–19:00,kudago,indoor,0.92,indoor kind/title signal,2,indoor
kudago:1484,Москва,Дом-музей Марины Цветаевой,museums,museum,"Мемориальная квартира Цветаевой в Борисоглебском переулке притягивает к себе гостей со всего мира. Трагическая судьба поэтессы и её семьи, талантливые произведения и большое творческое наследие — всё это создает особую ауру этого дома.","вт, ср, пт–вс 12:00–18:30, чт 12:00–20:15",kudago,indoor,0.92,indoor kind/title signal,2,indoor
kudago:1854,Москва,Дюссельдорфский парк,"park,attractions,recreation",walk,"Не парк даже, а настоящая жемчужина Марьино!",,kudago,outdoor,0.78,outdoor kind/title signal,2,outdoor
kudago:10748,Москва,Еврейский музей и центр толерантности,museums,museum,Уникальный комплекс музея объединил в себе классические экспозиционные принципы и новые технологии. Посетители знакомятся с историей и культурой еврейского народа в интерактивном формате: можно трогать экспонаты и взаимодействовать с ними. Увлекательное и в то же время глубокое содержание экспозиции будет интересно гостям всех возрастов.,"пн–чт, вс 12:00–22:00, пт 10:00–15:00",kudago,indoor,0.92,indoor kind/title signal,2,indoor
kudago:2562,Москва,Звёздный городок,"kids,museums",museum,"Звёздный городок — некогда засекреченная тренировочная база космонавтов, а в наше время открытая для всех желающих.",,kudago,indoor,0.92,indoor kind/title signal,2,indoor
kudago:1392,Москва,Измайловский парк,"kids,park,attractions,recreation",walk,"Есть в Москве удивительное место, в котором легко дышится и мечтается, где обитают певчие птицы и ручные белки. Это Измайловский парк — уникальное сочетание живой природы и площадки для активного отдыха и культурного времяпрепровождения.",ежедневно весь день,kudago,outdoor,0.78,outdoor kind/title signal,2,outdoor
kudago:7,Москва,Московский музей современного искусства на Петровке,museums,museum,"Первый в России государственный музей, который специализируется исключительно на искусстве конца XX—начала XXI веков.",вт–вс 12:00–21:00 (касса: вт–вс 12:00–20:30),kudago,indoor,0.92,indoor kind/title signal,2,indoor
kudago:55,Москва,Московский планетарий,"kids,museums,observatory,attractions,cinema",museum,"Здесь особенно ясно понимаешь, насколько велик космос и насколько мал человек в нём. Тем не менее именно здесь чувствуешь себя частичкой, единой с этой огромной Вселенной. Это лучшее место для всех романтиков. Ведь ещё никогда звёзды не были так близко…","пн, ср–вс 10:00–21:00",kudago,indoor,0.92,indoor kind/title signal,2,indoor
kudago:592,Москва,Музей «Огни Москвы»,museums,museum,Ночь. Улица. Фонарь... Вот с этого момента поподробнее!,"пн–ср, вс 10:00–18:00, чт, пт 12:00–20:00, сб 10:00–20:00",kudago,indoor,0.92,indoor kind/title signal,2,indoor
kudago:574,Москва,Музей Военно-воздушных сил,museums,museum,"Музей ВВС занимает огромную площадь, на которой выставлены настоящие боевые самолёты, вертолёты, планеры и другая авиационная техника.",ср–вс 9:00–17:30,kudago,indoor,0.92,indoor kind/title signal,2,indoor
kudago:1503,Москва,Музей Востока,museums,museum,"В музее собраны образцы живописи, графики, скульптуры, ковроткачества, резьбы по дереву и других народных ремёсел Японии, Китая, Индии, Тибета, Центральной Азии, Кавказа, Сибири.","вт, пт–вс 11:00–20:00, ср, чт 12:00–21:00",kudago,indoor,0.92,indoor kind/title signal,2,indoor
kudago:1470,Москва,Музей Москвы,museums,museum,"Музей был создан в 1897 году и изначально был посвящён московскому городскому хозяйству. Но коллекции росли, фонды пополнялись, и постепенно он стал музеем, рассказывающем об истории города в целом.",вт–вс 11:00–21:00 (касса: вт–вс 11:00–20:00),kudago,indoor,0.92,indoor kind/title signal,2,indoor
kudago:10984,Москва,Музей Мосфильма,museums,museum,"Увидеть в реальной жизни костюмы, машины и декорации к любимым фильмам — сплошное удовольствие для зрителей!","вт, чт 15:00–21:00",kudago,indoor,0.92,indoor kind/title signal,2,indoor
kudago:26440,Москва,Музей Темноты,"amusement,kids,museums,sights",museum,"Музей Темноты приглашает в пространство, погружающее вас в головокружительную глубину познания себя. Музей был создан в 2016 году для привлечения внимания людей к жизни с другим видением — существованию в темноте и исследованию того эффекта, которого мы достигаем, находясь какое-то время без света. По будням действует акция «Счастливые часы»!","пн–чт 10:00–22:00, пт, сб 10:00–23:00",kudago,indoor,0.92,indoor kind/title signal,2,indoor
kudago:6524,Москва,Музей археологии Москвы,museums,museum,"Музей археологии Москвы — единственный столичный музей, находящийся под землёй. Он расположился на месте масштабных археологических исследований, проведённых в середине 1990-х годов.",вт–вс 10:00–20:00,kudago,indoor,0.92,indoor kind/title signal,2,indoor
kudago:130,Москва,Музей изобразительных искусств имени Пушкина (Пушкинский музей),"art-centers,museums",museum,От античной амфоры до полотен Ван Гога и Пикассо — золотой фонд мирового культурного наследия в коллекции Музея изобразительных искусств имени Пушкина.,"вт, ср, вс 10:00–20:00, чт, сб 10:00–21:00, пт 11:00–21:00",kudago,indoor,0.92,indoor kind/title signal,2,indoor
kudago:16610,Москва,Музей оптических иллюзий,"kids,museums,photo-places",museum,"Формат этого интерактивного музея-аттракциона предполагает фотосъёмку, а посетители здесь становятся частью инсталляций.",ежедневно 11:00–22:00,kudago,indoor,0.92,indoor kind/title signal,2,indoor
kudago:26783,Москва,Музей русского импрессионизма,museums,museum,"Музей русского импрессионизма — частный музей, он находится в реконструированном здании 1960-х годов на территории бывшей кондитерской фабрики «Большевик». С 2016 года музей показывает работы известных русских художников и открывает новые имена.","пн, вт, пт–вс 11:00–20:00, ср, чт 12:00–21:00",kudago,indoor,0.92,indoor kind/title signal,2,indoor
kudago:10541,Москва,Музей техники Apple,museums,museum,"Музей позволит прочувствовать величие одного из грандиознейших стартапов XX века и понять, как целеустремлённость одного человека может изменить целый мир.","ср 17:00–21:00, сб, вс 12:00–18:00",kudago,indoor,0.92,indoor kind/title signal,2,indoor
kudago:1738,Москва,Музей-театр «Булгаковский дом»,"museums,theatre",museum,"«Булгаковский дом» — уникальный культурный центр, основанный по инициативе и при живом участии поклонников творчества знаменитого русского писателя. Это целый комплекс, имеющий широкие технические и интеллектуальные возможности для плодотворной работы.",ежедневно 12:00–21:00,kudago,indoor,0.92,indoor kind/title signal,2,indoor
kudago:272,Москва,Нескучный сад,"park,attractions",walk,Нескучный сад полностью оправдывает своё название — это действительно один из интереснейших уголков Москвы.,ежедневно весь день,kudago,outdoor,0.78,outdoor kind/title signal,2,outdoor
kudago:1268,Москва,Останкинский парк,"park,attractions",walk,Современный Останкинский парк (ЦПКиО имени Дзержинского) расположен на территории дворцово-паркового ансамбля «Останкино» конца XVIII–начала XIX века.,,kudago,outdoor,0.78,outdoor kind/title signal,2,outdoor
kudago:3680,Москва,Палеонтологический музей,museums,museum,Самый большой в мире музей эволюции. Только здесь можно своими глазами увидеть живую историю Земли — от зарождения жизни до появления человеческой цивилизации.,ср–вс 10:00–18:00,kudago,indoor,0.92,indoor kind/title signal,2,indoor
kudago:1266,Москва,Парк «Красная Пресня»,"park,attractions,recreation",walk,"Небольшой зелёный парк в двух шагах от метро «Выставочная»: единственные сохранившиеся в Москве голландские пруды и дорожки, которые помнят Пушкина и Баратынского.",ежедневно весь день,kudago,outdoor,0.78,outdoor kind/title signal,2,outdoor
kudago:4839,Москва,Парк «Сад будущего»,"park,attractions,recreation",walk,"На месте маленького сквера около Ботанического сада, разбитого на территории сгоревшей усадьбы Леоново, теперь раскинулся грандиозный Сад будущего, который стал одним из самых больших парков в столице.",,kudago,outdoor,0.78,outdoor kind/title signal,2,outdoor
kudago:522,Москва,Парк Горького (ЦПКиО имени Горького),"park,attractions,recreation",walk,"Двери центрального парка столицы открыты круглосуточно для всех желающих. На его огромной территории сложно заблудиться, но крайне просто найти развлечение на любой вкус — от спортивных площадок до искусства в Музеоне.",ежедневно весь день,kudago,outdoor,0.78,outdoor kind/title signal,2,outdoor
kudago:4074,Москва,Парк птиц «Воробьи»,"amusement,kids,park,attractions",walk,"Живописный уголок живой природы располагается недалеко от Москвы. Здесь обитает более 2000 видов птиц, собранных со всего мира. Кроме птиц в парке водятся редкие звери, рептилии и млекопитающие.",ежедневно 10:00–17:00,kudago,outdoor,0.78,outdoor kind/title signal,2,outdoor
kudago:3864,Москва,Сиреневый сад,"park,attractions",walk,"Спокойное и живописное место, идеально подходящее для фотосессий и неспешных прогулок. Сад был открыт в 1964 году на основе питомника, где русский селекционер Леонид Алексеевич Колесников выводил необычные сорта сирени, впоследствии занесённые в международный реестр.",ежедневно 6:00–23:00,kudago,outdoor,0.78,outdoor kind/title signal,2,outdoor
kudago:609,Москва,Третьяковская галерея,museums,museum,"В Третьяковской галерее хранится самая крупная в мире коллекция русской живописи, графики и скульптуры: в основанном в 1856 году музее более 180 000 экспонатов.","вт, ср, вс 10:00–18:00, чт–сб 10:00–21:00 (касса: вт, ср, вс 10:00–17:00, чт–сб 10:00–19:00)",kudago,indoor,0.92,indoor kind/title signal,2,indoor
kudago:905,Москва,Центр современного искусства «Винзавод»,museums,museum,"История московского винзавода насчитывает более двух сотен лет. За это время на его территории успели побывать и пивоварня, и ремесленные мастерские, и винокурня. Сейчас огромный комплекс используется в качестве одной из крупнейших выставочных площадок Москвы.",вт–вс 12:00–20:00,kudago,indoor,0.92,indoor kind/title signal,2,indoor
kudago:936,Москва,Центр современного искусства М'АРС,museums,museum,"Центр современного искусства М'АРС — пространство, где искусство встречается с новейшими технологиями, создавая незабываемые впечатления. Один из первых музеев в России, который исследует digital art, VR-искусство и мультимедиа, предлагает не просто выставки, а полное погружение в захватывающий мир зрелищных инноваций.",ежедневно 12:00–22:00,kudago,indoor,0.92,indoor kind/title signal,2,indoor
kudago:5547,Москва,Центр управления полётами,"museums,sights",museum,"На экскурсии можно посетить Главный зал управления российским сегментом Международной космической станции, понаблюдать за работой специалистов в режиме реального времени и посмотреть увлекательные фильмы о космосе.",,kudago,indoor,0.92,indoor kind/title signal,2,indoor
kudago:48,Москва,Центральный дом художника,"art-centers,museums",museum,"Центральный дом художника (ЦДХ) — в прошлом самая известная российская выставочная площадка, на которой в наше время располагается филиал Третьяковской галереи.",вт–вс 11:00–20:00,kudago,indoor,0.92,indoor kind/title signal,2,indoor
kudago:26411,Москва,интерактивный музей «Лунариум»,"kids,museums",museum,"«Лунариум» — это место, где вы самостоятельно сможете провести массу научных опытов, раскрыть секреты чёрных дыр, войти в контакт с инопланетянами, сотворить собственное торнадо и убедиться, что знание рождается из экспериментов и наблюдений.","пн, ср–вс 10:00–21:00",kudago,indoor,0.92,indoor kind/title signal,2,indoor
kudago:478,Москва,музей «Подводная лодка»,museums,museum,"«Подводная лодка» — музей, расположенный на настоящей военной субмарине. Здесь можно увидеть обстановку, в которой проходит служба моряков подводного флота, и ощутить себя частью команды.","вт, ср, пт–вс 11:00–19:00, чт 13:00–21:00",kudago,indoor,0.92,indoor kind/title signal,2,indoor
kudago:508,Москва,музей и ресторан «Бункер-42»,"amusement,museums,restaurants",food,"«Бункер-42» — бывший засекреченный объект в центре столицы. Сейчас на глубине 18 этажей объединились музей, квесты и ресторан с уникальной атмосферой.",ежедневно 10:00–21:00 (кухня: ежедневно 13:00–23:00),kudago,indoor,0.92,indoor kind/title signal,2,indoor
kudago:1501,Москва,музей-панорама «Бородинская битва»,"kids,museums",museum,"Наиболее полная история Отечественной войны 1812 года, представленная в картинах, документах, литературных экспонатах и колоссальном панорамном полотне «Бородинская битва».","чт 10:00–20:15 (касса: пн–ср, сб, вс 10:00–17:15)",kudago,indoor,0.92,indoor kind/title signal,2,indoor
kudago:4098,Москва,парк «Кузьминки»,"park,attractions,recreation",walk,"В живописном парке «Кузьминки» исторические достопримечательности соседствуют с современными развлечениями. Здесь можно отдохнуть в верёвочном или скейт-парке, весело провести время с семьёй или друзьями на аттракционах или совершить романтическую прогулку на лодке в компании второй половинки.",ежедневно весь день,kudago,outdoor,0.78,outdoor kind/title signal,2,outdoor
kudago:155,Москва,парк Фили (Филёвский парк),"kids,park,attractions,recreation",walk,"Филёвский парк не зря называют парком активного отдыха. Здесь найдётся развлечение на любой вкус — от скандинавской ходьбы до тибетской гимнастики. Есть пункты проката спортивного инвентаря и безмоторного транспорта, верёвочный парк и даже шахматный домик.",ежедневно весь день,kudago,outdoor,0.78,outdoor kind/title signal,2,outdoor
kudago:515,Москва,ресторан «Счастье на крыше»,restaurants,food,Ресторан петербургской сети занимает два последних этажа в доме на Большом Путинковском переулке.,"пн–чт, вс 10:00–0:00, пт, сб 10:00–1:00",kudago,indoor,0.92,indoor kind/title signal,2,indoor
kudago:59,Москва,сад «Эрмитаж»,"park,attractions,sights",walk,"Сад, ставший одной из ярчайших жемчужин Москвы.",ежедневно весь день,kudago,outdoor,0.78,outdoor kind/title signal,2,outdoor
kudago:31013,Москва,смотровая площадка PANORAMA360 в ММДЦ «Москва-Сити»,"amusement,kids,photo-places,attractions,sights",location,PANORAMA360 находится на 89 этаже башни «Федерация. Восток» комплекса «Москва-Сити» и считается самой высокой смотровой площадкой в Европе.,"пн–пт 11:00–22:00, сб, вс 10:00–22:00",kudago,outdoor,0.78,outdoor kind/title signal,2,outdoor
kudago:32055,Москва,смотровая площадка «Выше Только Любовь»,photo-places,location,"На крыше небоскрёба «ОКО» в «Москва-Сити» расположена уникальная смотровая площадка — «Выше Только Любовь», романтичное место и самая высокая точка в Европе, открытая для туристов. Здесь можно полюбоваться круговой панорамой города с высоты 354 метра, увидеть знакомые места с необычного ракурса и получить незабываемые эмоции.","пн–пт 12:00–23:30, сб, вс 10:00–23:30",kudago,outdoor,0.78,outdoor kind/title signal,2,outdoor
kudago:5138,Москва,смотровая площадка РАН,"photo-places,attractions",location,"С площадки открывается завораживающий вид на панораму Москвы, Фрунзенскую набережную, памятник Гагарину и другие достопримечательности столицы.",ежедневно весь день,kudago,outdoor,0.78,outdoor kind/title signal,2,outdoor
kudago:5424,Нижний Новгород,Central bar,bar,food,"Это территория свободы, где можно окунуться в праздничную атмосферу беззаботности.",ежедневно весь день,kudago,indoor,0.78,indoor kind/title signal,2,indoor
kudago:4273,Нижний Новгород,Архитектурно-этнографический музей-заповедник Щёлоковский хутор,"museums,attractions",museum,В музее деревянного зодчества под открытым небом представлены уникальные образцы русской архитектурно-строительной культуры конца XVII—начала ХХ века.,10:00–19:00,kudago,indoor,0.92,indoor kind/title signal,2,mixed
kudago:4545,Нижний Новгород,Ботанический сад Нижегородского государственного университета имени Лобачевского,"park,attractions",walk,"Ботанический сад является памятником природы регионального значения. Посещение университетского ботанического сада — это увлекательное путешествие по субтропикам Крымского полуострова, дальневосточной тайге и цветущим японским садам.","пн–чт 9:00–17:00, пт 9:00–16:00",kudago,outdoor,0.78,outdoor kind/title signal,2,outdoor
kudago:5533,Нижний Новгород,Верхне-Волжская набережная,attractions,location,"В 1834 году по указу императора Николая I была обустроена Верхне-Волжская набережная, выходящая на волжские дали.",,kudago,outdoor,0.78,outdoor kind/title signal,2,
kudago:1746,Нижний Новгород,Государственный центр современного искусства «Арсенал»,"art-centers,museums",museum,Многофункциональный центр для творчества нижегородцев.,вт–вс 12:00–20:00,kudago,indoor,0.92,indoor kind/title signal,2,indoor
kudago:4539,Нижний Новгород,Детский парк имени Свердлова,"amusement,kids,park,attractions",walk,"Нижегородский парк имени Свердлова некогда был архиерейским садом, а сейчас является настоящей отдушиной для всех жителей центра Нижнего Новгорода.",,kudago,outdoor,0.78,outdoor kind/title signal,2,outdoor
kudago:18884,Нижний Новгород,Дом Сироткина,museums,museum,"В доме, ранее принадлежавшему купцу и городскому голове Дмитрию Васильевичу Сироткину, экспонируется богатая коллекция западноевропейского искусства XV—XX веков: живопись, графика, скульптура, фарфор.","вт, ср 10:00–18:00, чт 12:00–20:00, пт–вс 11:00–19:00",kudago,indoor,0.92,indoor kind/title signal,2,indoor
kudago:6543,Нижний Новгород,Дом архитектора,museums,museum,В Доме архитектора на всеобщее обозрение выставляются макеты реконструкции объектов города. Зал заведения рассчитан на 130 мест и отлично подходит для творческих семинаров и обсуждений выставок.,"пн–пт 9:00–20:00, сб, вс 10:00–20:00",kudago,indoor,0.92,indoor kind/title signal,2,indoor
kudago:4198,Нижний Новгород,Железнодорожный музей «Паровозы России»,"museums,attractions,sights",museum,"Экспозиция музея под открытым небом включает в себя 15 экспонатов, увидеть которые можно совершенно бесплатно.",ежедневно 9:00–18:00,kudago,indoor,0.92,indoor kind/title signal,2,indoor
kudago:5534,Нижний Новгород,Канавинский мост,"attractions,bridge",location,"Ранее на месте моста была наплавная конструкция, которая связывала Нижний Новгород и район нижегородской Ярмарки. И только в апреле 1933 г. было торжественно открыто движение по отстроенному мосту через Оку. Общая протяженность моста — 795,5 м.",,kudago,outdoor,0.78,outdoor kind/title signal,2,outdoor
kudago:5978,Нижний Новгород,Кафе «Штолле»,restaurants,food,"Кафе воссоздает атмосферу и вкус пирогов начала ХХ века. Внутренний интерьер пересекается с интерьерами городов России конца XIX - начала XX века. Двери из массива, дубовый паркет, кожаные диваны, люстры из латуни и цвета отделок природных тонов.","пн–пт 8:30–20:30, сб, вс 9:00–21:00",kudago,indoor,0.92,indoor kind/title signal,2,indoor
kudago:23820,Нижний Новгород,Музей «Терем русского самовара»,museums,museum,"Городецкий дом с резными наличниками выглядит волшебно снаружи и не обманывает ожиданий тех, кто решил заглянуть внутрь — в сказочном тереме гостей ждёт знакомство с внушительной коллекцией русских самоваров.","вт–пт 10:00–17:00, сб, вс 10:00–16:00",kudago,indoor,0.92,indoor kind/title signal,2,indoor
kudago:23815,Нижний Новгород,Музей занимательных наук «Кварки»,"kids,museums",museum,"Научный эксперимент, закон физики, химическая реакция... Знакомые со школы слова навевают на вас скуку? Значит, вы точно не бывали в музее занимательных наук.",ежедневно 10:00–19:00,kudago,indoor,0.92,indoor kind/title signal,2,indoor
kudago:6847,Нижний Новгород,Музей науки «Нижегородская радиолаборатория»,"museums,attractions",museum,В уникальном музее дети и их родители могут окунуться в захватывающую историю теле- и радиооткрытий.,пн–пт 10:00–17:00,kudago,indoor,0.92,indoor kind/title signal,2,indoor
kudago:6538,Нижний Новгород,Музей-квартира Горького,museums,museum,"Музей был основан в 1971 году в нижегородской квартире семьи Пешковых. В экспозиции представлено более 1,5 тысяч мемориальных предметов.","вт, ср, пт–вс 9:00–17:00 (касса: вт, ср, пт–вс 9:00–16:30)",kudago,indoor,0.92,indoor kind/title signal,2,indoor
kudago:34824,Нижний Новгород,НГХМ | Зарубежное искусство,museums,museum,"Работы Огюста Ренуара, Бернардо Белотто, Якоба Йорданса и других знаменитых западноевропейских мастеров из коллекции Нижегородского художественного музея представлены в роскошном особняке купца Дмитрия Сироткина.","вт, ср 10:00–18:00, чт 12:00–20:00, пт–вс 11:00–19:00",kudago,indoor,0.92,indoor kind/title signal,2,indoor
kudago:34825,Нижний Новгород,НГХМ | Искусство XX века,museums,museum,Современное выставочное пространство с интересными выставками и познавательными лекциями в самом сердце Нижнего Новгорода.,"вт, ср 10:00–18:00, чт 12:00–20:00, пт–вс 11:00–19:00",kudago,indoor,0.92,indoor kind/title signal,2,indoor
kudago:34823,Нижний Новгород,НГХМ | Русское искусство,museums,museum,Русское искусство в коллекции НГХМ представлено особенно широко. С богатым национальным наследием познакомят постоянные экспозиции и временные выставки в Доме губернатора.,"вт, ср 10:00–18:00, чт 12:00–20:00, пт–вс 11:00–19:00",kudago,indoor,0.92,indoor kind/title signal,2,indoor
kudago:5531,Нижний Новгород,Набережная Федоровского,attractions,location,На тихой набережной располагается памятник Максиму Горькому — его бронзовая фигура любуется панорамой волжских далей. Автор памятника — Иван Шмагун.,,kudago,outdoor,0.78,outdoor kind/title signal,2,
kudago:931,Нижний Новгород,Нижегородский Театр Юного Зрителя (ТЮЗ),theatre,museum,Один из старейших ТЮЗов страны открыл свои двери для зрителей ещё в 1928 году.,касса: ежедневно 10:00–19:00,kudago,indoor,0.78,indoor kind/title signal,2,indoor
kudago:4311,Нижний Новгород,Нижегородский государственный академический театр драмы имени Горького,theatre,museum,Славные традиции старейшего нижегородского театра живут в современных спектаклях и продолжают радовать нижегородцев и гостей нашего города.,ежедневно 10:00–22:00,kudago,indoor,0.78,indoor kind/title signal,2,indoor
kudago:1775,Нижний Новгород,Нижегородский государственный академический театр оперы и балета имени Пушкина,theatre,museum,"Театр основан в 1931 году, изначально назывался Горьковский театр оперы и балета. Здесь зрителям предлагают программу из ставших классикой спектаклей в Нижнем Новгороде.",касса: ежедневно 9:30–19:00,kudago,indoor,0.78,indoor kind/title signal,2,indoor
kudago:4147,Нижний Новгород,Нижегородский государственный художественный музей,museums,museum,Нижегородский государственный художественный музей — один из старейших музеев России. В коллекции музея — образцы классического русского и западноевропейского искусства.,"вт, ср 10:00–18:00, чт 12:00–20:00, пт–вс 11:00–19:00",kudago,indoor,0.92,indoor kind/title signal,2,indoor
kudago:4272,Нижний Новгород,Нижегородский музей связи,museums,museum,"Экспозиция технического музея посвящена развитию радио, телевидения и телефонной связи.",пн–пт 9:00–16:00,kudago,indoor,0.92,indoor kind/title signal,2,indoor
kudago:1600,Нижний Новгород,Памятник «Ложка вкуса»,"attractions,sights",location,Единственный в России памятник вкусу.,,kudago,outdoor,0.78,outdoor kind/title signal,2,
kudago:23823,Нижний Новгород,Памятник Громозеке,attractions,location,"Памятник Громозеке отлично вписывается в ряды необычных скульптур сказочных героев, которые можно встретить по всему миру.",,kudago,outdoor,0.78,outdoor kind/title signal,2,
kudago:5372,Нижний Новгород,Памятник объявлению,attractions,location,"Памятник объявлению — это памятник целой эпохе, когда именно через настенные объявления можно было что-либо продать, купить или обменять.",,kudago,outdoor,0.78,outdoor kind/title signal,2,
kudago:1714,Нижний Новгород,Памятник пятаку,"attractions,sights",location,Здесь можно загадывать желания — они точно сбудутся.,,kudago,outdoor,0.78,outdoor kind/title signal,2,
kudago:4542,Нижний Новгород,Парк «Дубки»,"park,attractions,recreation",walk,"Название парку было дано неспроста — вся территория сада занята дубовой рощей. «Дубки» — самый безлюдный парк Нижнего Новгорода. По его дорожкам любят гулять романтические парочки и те, кто ищет уединения.",,kudago,outdoor,0.78,outdoor kind/title signal,2,outdoor
kudago:4538,Нижний Новгород,Парк «Швейцария»,"amusement,park,attractions",walk,"Парк «Швейцария», основанный в 1903 году, идеально подходит как для семейного отдыха, так и для прогулок с друзьями. В парке расположен одноимённый зоопарк и развлекательные аттракционы.",ежедневно 5:00–22:00,kudago,outdoor,0.78,outdoor kind/title signal,2,outdoor
kudago:4544,Нижний Новгород,Парк имени Пушкина,"park,attractions,recreation",walk,Городской ландшафтный парк культуры и отдыха имени Александра Сергеевича Пушкина — тихое и спокойное место для неспешных променадов по аллеям и размышлений о вечном под сенью столетних берёз.,,kudago,outdoor,0.78,outdoor kind/title signal,2,outdoor
kudago:34916,Нижний Новгород,Развлекательный центр Smile Park,"amusement,kids,photo-places",location,"В самом центре Нижнего Новгорода, на Большой Покровской, открылся уникальный парк аттракционов, в котором объединились игры, кино и современное искусство. Сюда можно прийти с друзьями или всей семьёй — без позитивных эмоций не останется ни один гость!","пн–пт 11:00–22:00, сб, вс 10:00–22:00",kudago,outdoor,0.78,outdoor kind/title signal,2,outdoor
kudago:6125,Нижний Новгород,Ресторан «Рыба & крабы»,restaurants,food,"Средиземноморский ресторан с господствующими цветами зала — белый и голубой. В этом месте сделан легкий итальянский акцент: прозрачные двери, лаванда на подоконниках, на потолке изображение карты мореплавателей, лодка на входе, различные антикварные вещицы и сундук с сокровищами. Шум прибоя для полноты ощущений гармонично прививается ненавязчивыми джазовыми мелодиями.",ежедневно 12:00–0:00,kudago,indoor,0.92,indoor kind/title signal,2,indoor
kudago:4158,Нижний Новгород,Русский музей фотографии,museums,museum,"Русский музей фотографии — один из самых интересных музеев Нижнего Новгорода. Он был создан в 1992 году и располагается в доме, в котором в своё время жили пионеры русской фотографии — Андрей Осипович Карелин и Максим Петрович Дмитриев.",вт–вс 11:00–19:00 (касса: вт–вс 11:00–18:00),kudago,indoor,0.92,indoor kind/title signal,2,indoor
kudago:4459,Нижний Новгород,Театр музыкально-пластической драмы «Преображение»,"kids,theatre",museum,"Синтез музыки, света, цвета и пластики создает в зрительном зале атмосферу мистерии.","вс 15:00–16:00 (касса: ср 17:30–18:30, сб 17:00–18:00, вс 10:00–11:00)",kudago,indoor,0.78,indoor kind/title signal,2,indoor
kudago:34713,Нижний Новгород,Технический музей,museums,museum,"Одно из самых богатых собраний старинной техники, инструментов и электроприборов в Нижнем Новгороде. Больше 2000 экспонатов найдены и отреставрированы коллекционером Вячеславом Хуртиным.",вт–вс 11:00–18:00,kudago,indoor,0.92,indoor kind/title signal,2,indoor
kudago:5559,Нижний Новгород,Центральный фонтан на площади Минина и Пожарского,"attractions,fountain",location,"Открытие фонтана состоялось в октябре 1847 года, он был освящен и стал централизованным источником водоснабжения. Сегодня это современно оснащенный фонтан, излюбленное место отдыха горожан и гостей города.",,kudago,outdoor,0.78,outdoor kind/title signal,2,outdoor
kudago:35001,Нижний Новгород,выставочное пространство Terminal A,"art-centers,museums",museum,"Terminal A — уникальный проект, объединивший в себе концептуальное пространство для выставок, открытую школу искусств для всех, а также огромную библиотеку. Здесь вы окунётесь в мир современного искусства, творчества и даже сможете стать его частью.","ср–пт 14:00–20:00, сб, вс 12:00–20:00",kudago,indoor,0.92,indoor kind/title signal,2,indoor
kudago:5575,Нижний Новгород,галерея «АРТфоника»,"art-centers,education-centers",museum,Галерея объединяет творческий союз молодых и талантливых энтузиастов. АРТфоника — это полигон для арт-проектов в ходе которых передается симфония идей и гармония настроений.,ежедневно 9:00–21:00,kudago,indoor,0.78,indoor kind/title signal,2,
kudago:34501,Нижний Новгород,галерея кукол «Хрупкие мечты»,museums,museum,"Окунуться в мир беззаботного детства и увидеть самую крупную в Европе коллекцию фарфоровых кукол, созданных немецкой мастерицей Хильдегард Гюнцель, приглашает галерея «Хрупкие мечты» в Нижнем Новгороде.","пн–пт 12:00–17:00, сб, вс 12:30–17:00",kudago,indoor,0.92,indoor kind/title signal,2,indoor
kudago:23519,Нижний Новгород,караоке-клуб «Опера»,"restaurants,bar",food,"Здесь гармонично соединились изысканная атмосфера клуба и по-домашнему комфортная обстановка. Гостей порадуют авторским блюдами, а также русскими, европейскими и азиатским угощениями. Качественное караоке-оборудование позволит любому желающему почувствовать себя звездой.","пн–чт, вс 17:00–5:00, пт, сб 17:00–6:00",kudago,indoor,0.92,indoor kind/title signal,2,indoor
kudago:7041,Нижний Новгород,кафе Black Bat,restaurants,food,"Кафе вмещает одновременно до 40 гостей. Здесь вы найдете все, что нужно для отличного отдыха и приятного проведения досуга: Wi-Fi, телевидение. В зале играет приятная и расслабляющая фоновая музыка. Для маленьких посетителей предусмотрена специальная детская страничка в меню. Настоящие ценители спорта могут посмотреть любимые трансляции на большом экране.","Вс-чт 11:00-23:00, пт-сб: 11:00-01:00",kudago,indoor,0.92,indoor kind/title signal,2,indoor
kudago:5695,Нижний Новгород,кафе «Адель»,restaurants,food,Посетив кафе «Адель» в центре города вы окунетесь в мир шарма и утонченности. Удивительный интерьер создавался для самых требовательных клиентов. Идеальное место для романтического ужина на двоих и деловой встречи в непринужденной обстановке.,ежедневно 11:00–23:00,kudago,indoor,0.92,indoor kind/title signal,2,indoor
kudago:6666,Нижний Новгород,кафе «Золотой век»,restaurants,food,Уютное местечко с оригинальным названием «Золотой век» расположено возле ТЦ «Жанто». Уникальный стильный дизайн и вежливое обслуживание позволяют посетителям чувствовать себя на высоте и расслабиться.,ежедневно 12:00–2:00,kudago,indoor,0.92,indoor kind/title signal,2,indoor
kudago:7107,Нижний Новгород,кафе «Мегаполис»,restaurants,food,Большой зал кафе способен вместить 170 человек. Оригинальный интерьер дополнен уютными диванами и красивой сервировкой столов. Шеф-повар приготовит для вас разнообразные блюда европейской кухни.,Вт-чт и вс 12:00-00:00; пт-сб до 2:00 (понедельник – выходной),kudago,indoor,0.92,indoor kind/title signal,2,indoor
kudago:5593,Нижний Новгород,кафе «Папаша Билли»,restaurants,food,"У «Папаши Билли» два зала — один выполнен в стиле американского вагончика, второй — в духе ковбойского салуна.","пн–чт, вс 12:00–0:00, пт, сб 12:00–2:00",kudago,indoor,0.92,indoor kind/title signal,2,indoor
kudago:5679,Нижний Новгород,кафе «Престиж»,restaurants,food,Дорогие дамы и господа! Уютное кафе с домашней атмосферой и отличным обслуживающим персоналом приглашает вас на вкусную кухню.,ежедневно 11:00–23:00,kudago,indoor,0.92,indoor kind/title signal,2,indoor
kudago:27609,Нижний Новгород,кафе «Селёдка и кофе»,restaurants,food,"Вот уж где можно по-настоящему вкусно пообедать или поужинать: в меню заведения огромный выбор закусок, горячего, выпечки, бургеров и других изысков по демократичным ценам.","пн–чт, вс 10:00–1:00, пт, сб 10:00–3:00",kudago,indoor,0.92,indoor kind/title signal,2,indoor
kudago:22481,Нижний Новгород,кафе «Та самая шаурма на Средном»,restaurants,food,"Хрустящий лаваш, мясо с дымком, и повар, который знает, как из этих компонентов сделать настоящую вкусную «ту самую» шаурму. В 2012 году заведение было удостоено премии «Кормилец года», а еще количество посетителей в год здесь уже перевалило за отметку миллион.",ежедневно весь день,kudago,indoor,0.92,indoor kind/title signal,2,indoor
kudago:21300,Нижний Новгород,кафе «Хачапури тётушки Марико»,restaurants,food,"Весь кулинарный колорит яркой и гостеприимной Грузии в одном ресторане. И, конечно, фирменное кавказское гостеприимство.","пн–чт, вс 12:00–0:00, пт, сб 12:00–2:00",kudago,indoor,0.92,indoor kind/title signal,2,indoor
kudago:5844,Нижний Новгород,кафе-пекарня «Осетинские пироги» на Сормовском шоссе,restaurants,food,"Пекарня выпекает осетинские пироги по старинным традиционным рецептам, в которых используются только свежие и полезные для здоровья продукты из Северной Осетии. Вас ожидает большой выбор начинок – мясных, сырных, овощных. Настоящие и вкусные пироги удовлетворят самые взыскательные вкусы.",ежедневно 8:00–20:00,kudago,indoor,0.92,indoor kind/title signal,2,indoor
kudago:6959,Нижний Новгород,памятник Петру Нестерову,attractions,location,"Памятник Петру Нестерову воздвигнут в 1987 году, в год столетия со дня его рождения. Он расположен рядом с памятником выдающемуся летчику Валерию Чкалову на Верхне-Волжской набережной Нижнего Новгорода.",,kudago,outdoor,0.78,outdoor kind/title signal,2,
kudago:6501,Нижний Новгород,ресторан «IL Патио»,restaurants,food,"Отличное обслуживание, уютная обстановка с итальянским гостеприимством делают ресторан местом, в котором можно приятно провести время с близкими людьми, коллегами по работе и с семьей.",ежедневно 11:00–0:00,kudago,indoor,0.92,indoor kind/title signal,2,indoor
kudago:7139,Нижний Новгород,ресторан «Бурлак»,restaurants,food,Ресторан расположен на территории гостиницы Волна. Здесь можно провести мероприятия абсолютно разного формата и масштаба – от свадебного торжества до корпоративной вечеринки.,ежедневно 7:00–23:00,kudago,indoor,0.92,indoor kind/title signal,2,indoor
kudago:6263,Нижний Новгород,ресторан «Меркурий»,restaurants,food,Ресторан находится на 2 этаже исторического здания. В этом месте вы сможете попробовать разнообразные блюда по приемлемой цене.,Пн-вс: 10:00-18:00,kudago,indoor,0.92,indoor kind/title signal,2,indoor
kudago:6168,Нижний Новгород,ресторан «Погребок Шато»,restaurants,food,"В этом месте вас ждет бескомпромиссное качество, подобающая атмосфера и разнообразное меню для любого случая: день рождения, деловая встреча или ужин с друзьями.",ежедневно 12:00–0:00,kudago,indoor,0.92,indoor kind/title signal,2,indoor
kudago:6230,Нижний Новгород,ресторан «Робинзон»,restaurants,food,"Почти в центре города на живописном берегу Волги, распахнул свои двери ресторан ""Робинзон"". Уютное двухэтажное заведение размещает три абсолютно разных зала. Летом для комфортного отдыха открыта терраса.",ежедневно 12:00–2:00,kudago,indoor,0.92,indoor kind/title signal,2,indoor
kudago:27708,Нижний Новгород,семейное кафе «Смородина»,restaurants,food,В уютной домашней обстановке посетители могут отведать по-настоящему вкусные блюда русской или европейской кухни.,"пн–чт, вс 9:00–23:00, пт, сб 10:00–2:00",kudago,indoor,0.92,indoor kind/title signal,2,indoor
otm:N6602017296,Новосибирск,24 градуса,"foods,bars,tourist_facilities",food,,,opentripmap,indoor,0.92,indoor kind/title signal,2,indoor
otm:N7208560966,Новосибирск,Coffee Like,"foods,cafes,tourist_facilities",food,,,opentripmap,indoor,0.92,indoor kind/title signal,2,indoor
otm:N8911285017,Новосибирск,Huong Sen,"foods,cafes,tourist_facilities",food,,,opentripmap,indoor,0.92,indoor kind/title signal,2,indoor
otm:N5962465651,Новосибирск,Kuzina,"foods,cafes,tourist_facilities",food,,,opentripmap,indoor,0.92,indoor kind/title signal,2,indoor
otm:N6966429169,Новосибирск,New York Pizza,"foods,fast_food,tourist_facilities",food,,,opentripmap,indoor,0.92,indoor kind/title signal,2,indoor
otm:N8938923961,Новосибирск,One Price Coffee,"foods,fast_food,tourist_facilities",food,,,opentripmap,indoor,0.92,indoor kind/title signal,2,indoor
otm:N5418421502,Новосибирск,Stara Praha,"foods,bars,tourist_facilities",food,,,opentripmap,indoor,0.92,indoor kind/title signal,2,indoor
otm:N1296316102,Новосибирск,Story,"foods,restaurants,tourist_facilities",food,,,opentripmap,indoor,0.92,indoor kind/title signal,2,indoor
otm:N5357200922,Новосибирск,Traveler’s Coffee,"foods,cafes,tourist_facilities",food,,,opentripmap,indoor,0.92,indoor kind/title signal,2,indoor
otm:N3827709015,Новосибирск,"Ангел, ожидающий пробуждения человечества","cultural,urban_environment,interesting_places,sculptures",walk,,,opentripmap,outdoor,0.92,outdoor kind/title signal,2,
kudago:6769,Новосибирск,Бар «Авиатор»,bar,food,"Бар «Авиатор» предлагает гостям не только ассортимент алкогольных напитков и закуски, но также возможность отточить бильярдное мастерство.",ежедневно 12:00–2:00,kudago,indoor,0.78,indoor kind/title signal,2,indoor
otm:N6579558182,Новосибирск,Беляшики,"foods,fast_food,tourist_facilities",food,,,opentripmap,indoor,0.92,indoor kind/title signal,2,indoor
kudago:6730,Новосибирск,"Бильярдный клуб ""Гудвин""",bar,food,"Бильярдный клуб ""Гудвин"" - здесь регулярно проходят чемпионаты",ежедневно 12:00–0:00,kudago,indoor,0.65,food category fallback,2,indoor
otm:W702356094,Новосибирск,Вкус Востока,"foods,fast_food,tourist_facilities",food,,,opentripmap,indoor,0.92,indoor kind/title signal,2,indoor
otm:N3656655387,Новосибирск,Вовка в тридевятом царстве,"cultural,urban_environment,interesting_places,sculptures",walk,,,opentripmap,outdoor,0.92,outdoor kind/title signal,2,
otm:N6634805433,Новосибирск,Восточная сказка,"foods,cafes,tourist_facilities",food,,,opentripmap,indoor,0.92,indoor kind/title signal,2,indoor
otm:N1869499935,Новосибирск,Дрова,"foods,cafes,tourist_facilities",food,,,opentripmap,indoor,0.92,indoor kind/title signal,2,indoor
otm:N6601961948,Новосибирск,Зам-зам,"foods,cafes,tourist_facilities",food,,,opentripmap,indoor,0.92,indoor kind/title signal,2,indoor
otm:N4791838874,Новосибирск,Кафе Little India,"foods,cafes,tourist_facilities",food,,,opentripmap,indoor,0.92,indoor kind/title signal,2,indoor
otm:W51780665,Новосибирск,Молодежный драматический театр «Первый театр»,"cultural,theatres_and_entertainments,interesting_places,other_theatres",location,,,opentripmap,indoor,0.92,indoor kind/title signal,2,
otm:N4375600144,Новосибирск,Мостик,"cultural,urban_environment,interesting_places,installation",walk,,,opentripmap,outdoor,0.92,outdoor kind/title signal,2,
otm:W25642926,Новосибирск,Новосибирский музыкальный театр,"cultural,theatres_and_entertainments,interesting_places,music_venues",location,"Новосибирский музыкальный театр — музыкальный театр, расположенный в Новосибирске. Основан 2 февраля 1959 года. До 2017 года назывался «Новосибирский театр музыкальной комедии». В репертуаре театра — классика жанра оперетты, музыкальной комедии, современные экспериментальные работы в жанре мюзикла, спектакли для детей и юношества. Здание театра расположено на территории Центрального парка культуры и отдыха. Член Ассоциации музыкальных театров.",,opentripmap,indoor,0.92,indoor kind/title signal,2,
otm:N5127770625,Новосибирск,Памятник электромонтёру,"cultural,urban_environment,interesting_places,sculptures",walk,,,opentripmap,outdoor,0.92,outdoor kind/title signal,2,
otm:N674527725,Новосибирск,Пекин,"foods,cafes,tourist_facilities",food,,,opentripmap,indoor,0.92,indoor kind/title signal,2,indoor
otm:N6344027977,Новосибирск,Подсолнухи,"foods,cafes,tourist_facilities",food,,,opentripmap,indoor,0.92,indoor kind/title signal,2,indoor
otm:N4515334292,Новосибирск,Покупатель и продавец,"cultural,urban_environment,interesting_places,sculptures",walk,,,opentripmap,outdoor,0.92,outdoor kind/title signal,2,
otm:N4737487401,Новосибирск,Русские блины,"foods,fast_food,tourist_facilities",food,,,opentripmap,indoor,0.92,indoor kind/title signal,2,indoor
otm:N6601762553,Новосибирск,Свит суши,"foods,fast_food,tourist_facilities",food,,,opentripmap,indoor,0.92,indoor kind/title signal,2,indoor
otm:W29316008,Новосибирск,Столовая,"foods,restaurants,tourist_facilities",food,,,opentripmap,indoor,0.92,indoor kind/title signal,2,indoor
otm:N769222305,Новосибирск,Харбин,"foods,cafes,tourist_facilities",food,,,opentripmap,indoor,0.92,indoor kind/title signal,2,indoor
otm:N4171346549,Новосибирск,Царский двор,"foods,restaurants,tourist_facilities",food,,,opentripmap,indoor,0.92,indoor kind/title signal,2,indoor
otm:U7543,Новосибирск,Центральный парк культуры и отдыха,"gardens_and_parks,urban_environment,cultural,interesting_places",walk,"<b>Центральный парк</b><span>— крупный парк в центре&nbsp;</span><a href=""https://ru.wikipedia.org/wiki/%D0%9D%D0%BE%D0%B2%D0%BE%D1%81%D0%B8%D0%B1%D0%B8%D1%80%D1%81%D0%BA"">Новосибирска</a><span>&nbsp;и самый старый парк города. Площадь парка&nbsp;— 10,5 га</span><span>. Расположен вблизи станции&nbsp;</span><a href=""https://ru.wikipedia.org/wiki/%D0%9D%D0%BE%D0%B2%D0%BE%D1%81%D0%B8%D0%B1%D0%B8%D1%80%D1%81%D0%BA%D0%B8%D0%B9_%D0%BC%D0%B5%D1%82%D1%80%D0%BE%D0%BF%D0%BE%D0%BB%D0%B8%D1%82%D0%B5%D0%BD"">метро</a><span>&nbsp;«</span><a href=""https://ru.wikipedia.org/wiki/%D0%9F%D0%BB%D0%BE%D1%89%D0%B0%D0%B4%D1%8C_%D0%9B%D0%B5%D0%BD%D0%B8%D0%BD%D0%B0_(%D1%81%D1%82%D0%B0%D0%BD%D1%86%D0%B8%D1%8F_%D0%BC%D0%B5%D1%82%D1%80%D0%BE,_%D0%9D%D0%BE%D0%B2%D0%BE%D1%81%D0%B8%D0%B1%D0%B8%D1%80%D1%81%D0%BA)"">Площадь Ленина</a><span>» между улицами&nbsp;</span><a href=""https://ru.wikipedia.org/wiki/%D0%A3%D0%BB%D0%B8%D1%86%D0%B0_%D0%A4%D1%80%D1%83%D0%BD%D0%B7%D0%B5_(%D0%9D%D0%BE%D0%B2%D0%BE%D1%81%D0%B8%D0%B1%D0%B8%D1%80%D1%81%D0%BA)"">Фрунзе</a><span>,&nbsp;</span><a href=""https://ru.wikipedia.org/wiki/%D0%A3%D0%BB%D0%B8%D1%86%D0%B0_%D0%9C%D0%B8%D1%87%D1%83%D1%80%D0%B8%D0%BD%D0%B0_(%D0%9D%D0%BE%D0%B2%D0%BE%D1%81%D0%B8%D0%B1%D0%B8%D1%80%D1%81%D0%BA)"">Мичурина</a><span>,&nbsp;</span><a href=""https://ru.wikipedia.org/wiki/%D0%AF%D0%B4%D1%80%D0%B8%D0%BD%D1%86%D0%B5%D0%B2%D1%81%D0%BA%D0%B0%D1%8F_%D1%83%D0%BB%D0%B8%D1%86%D0%B0"">Ядринцевской</a><span>,&nbsp;</span><a href=""https://ru.wikipedia.org/wiki/%D0%9A%D0%B0%D0%BC%D0%B5%D0%BD%D1%81%D0%BA%D0%B0%D1%8F_%D1%83%D0%BB%D0%B8%D1%86%D0%B0_(%D0%9D%D0%BE%D0%B2%D0%BE%D1%81%D0%B8%D0%B1%D0%B8%D1%80%D1%81%D0%BA)"">Каменской</a><span>.</span><span>Первые аттракционы в парке появились в 1944 году. С тех пор парк аттракционов несколько раз обновлялся.По данным на 2017 г. на его территории находится 9 детских,19 семейных и 4 экстремальных аттракциона и 3 летних кафе. На территории парка расположены 2 культурных учреждения&nbsp;: ""Новосибирский&nbsp;</span><a href=""https://ru.wikipedia.org/wiki/%D0%A2%D0%B5%D0%B0%D1%82%D1%80"">театр</a><span>&nbsp;музыкальной комедии"" и психологический театр ""La Pushkin"", 1 спортивно-тактический клуб: ""СТК54"". Работает спортивная&nbsp;</span><a href=""https://ru.wikipedia.org/wiki/%D0%9B%D0%B0%D0%B7%D0%B5%D1%80%D1%82%D0%B0%D0%B3"">лазертаг</a><span>&nbsp;секция. В зимнее время работает открытый каток.</span>",,opentripmap,outdoor,0.92,outdoor kind/title signal,2,
otm:N3822448269,Новосибирск,Шоколадница,"foods,cafes,tourist_facilities",food,,,opentripmap,indoor,0.92,indoor kind/title signal,2,indoor
otm:N1869499936,Новосибирск,Шульц,"pubs,foods,tourist_facilities",food,,,opentripmap,indoor,0.92,indoor kind/title signal,2,indoor
kudago:8533,Новосибирск,анти-кафе TIMES,anticafe,food,В анти-кафе TIMES каждый находит себе занятие по душе,вс–чт.10:00–00:00 пт–сб 10:00–02:00,kudago,indoor,0.65,food category fallback,2,indoor
kudago:6863,Новосибирск,банкетный зал Banket Party,restaurants,food,"Банкетный зал Banket Party расположен на берегу небольшого пруда на окраине Новосибирска, вдали от шума и суеты.",ежедневно весь день,kudago,indoor,0.92,indoor kind/title signal,2,indoor
kudago:8061,Новосибирск,бар «ШашлыкоFF»,bar,food,Большой выбор шашлыка и стейков по низким ценам.,вс–чт 11:00–02:00; пт–сб 1:00–03:00,kudago,indoor,0.78,indoor kind/title signal,2,indoor
kudago:22284,Новосибирск,гриль-бар People's,"restaurants,bar",food,"People's — это целая сеть заведений, где можно посмотреть спортивные трансляции на больших экранах и попробовать самые разные блюда на гриле.",ежедневно весь день,kudago,indoor,0.92,indoor kind/title signal,2,indoor
kudago:7104,Новосибирск,ирландский паб Harat’s на Челюскинцев,bar,food,Поклонники пива Guinness найдут для себя много интересного в ирландском пабе,ежедневно 12:00–2:00,kudago,indoor,0.65,food category fallback,2,indoor
kudago:8475,Новосибирск,кафе Manon,restaurants,food,Кафе Manon — романтичное заведение для встреч друзей и влюбленных.,ежедневно 11:00–0:00,kudago,indoor,0.92,indoor kind/title signal,2,indoor
kudago:8526,Новосибирск,кафе «Абажур»,restaurants,food,В кафе «Абажур» можно насладиться домашней пищей в атмосфере уюта и спокойствия.,ежедневно 12:00–0:00,kudago,indoor,0.92,indoor kind/title signal,2,indoor
kudago:6968,Новосибирск,кафе «Амиго»,restaurants,food,Заводные мексиканские ритмы и блюда заокеанской кухни можно теперь отведать в одном из кафе Новосибирска.,"пн–чт, вс 12:00–0:00, пт, сб 12:00–1:00",kudago,indoor,0.92,indoor kind/title signal,2,indoor
kudago:8402,Новосибирск,кафе «Деканат»,"restaurants,bar",food,Интерьер кафе «Деканат» оформлен в оригинальной и забавной концепции «кошмар студента».,"пн–сб 10:00–0:00, вс 10:00–20:00",kudago,indoor,0.92,indoor kind/title signal,2,indoor
kudago:19692,Новосибирск,кафе «Каскад»,restaurants,food,Кафе домашней русской кухни с четырьмя тематическими залами и летней террасой.,ежедневно 9:00–23:00,kudago,indoor,0.92,indoor kind/title signal,2,indoor
kudago:8607,Новосибирск,кафе «Комильфо»,restaurants,food,В кафе «Комильфо» подают блюда авторской кухни.,ежедневно 12:00–23:00,kudago,indoor,0.92,indoor kind/title signal,2,indoor
kudago:19731,Новосибирск,кафе «Подсолнухи»,restaurants,food,"Сеть кафе-столовых самообслуживания с тёплым названием «Подсолнухи» уже давно стала одним из самых известных брендов Новосибирска. Жителям и гостям столицы Сибири хорошо знаком вкус домашних обедов, которые они могут заказать по весьма демократичным ценам.",ежедневно 9:00–20:00,kudago,indoor,0.92,indoor kind/title signal,2,indoor
kudago:23065,Новосибирск,кафе-гриль «Мангала выколю»,restaurants,food,"Голодными вас здесь точно не оставят: в меню сочное мясо на гриле, шашлыки, десерты, салаты, супы, мясное ассорти, пельмени и даже тортильи.",,kudago,indoor,0.92,indoor kind/title signal,2,indoor
kudago:8721,Новосибирск,кафе–пекарня «Синнабон»,restaurants,food,В кафе-пекарне «Синнабон» готовят самые вкусные булочки с корицей.,ежедневно 10:00–22:00,kudago,indoor,0.92,indoor kind/title signal,2,indoor
kudago:8605,Новосибирск,кафе–ресторан «Колизей»,restaurants,food,Интерьер кафе—ресторана «Колизей» оформлен в стиле итальянского палаццо античной эпохи.,пн–вс 11-00–24-00,kudago,indoor,0.92,indoor kind/title signal,2,indoor
kudago:35977,Новосибирск,квест-перформанс «Музей убийц»,questroom,location,"Любите пощекотать себе нервы, изучая дела серийный убийц? Вам выпадет возможность посетить музей, воссоздающий места ужасных преступлений. Но лишь внутри вы осознаете, каким кошмаром обернётся эта на первый взгляд безобидная экскурсия.",ежедневно 0:30–23:00,kudago,indoor,0.78,indoor kind/title signal,2,
kudago:7094,Новосибирск,коктейль-бар Friends,bar,food,Посидеть в уютной обстановке со своими друзьями - лучший вариант провести вечер после работы,"Новосибирск, Красный проспект, 22",kudago,indoor,0.65,food category fallback,2,indoor
kudago:22647,Новосибирск,кофейня Blackwood Coffee Roastery,restaurants,food,"Розничный магазин-кофейня, где можно приобрести необычный и редкий сорт кофе, а также выпить чашечку свежесваренного напитка.",,kudago,indoor,0.92,indoor kind/title signal,2,indoor
kudago:22645,Новосибирск,кофейня «Академия кофе»,restaurants,food,"Кофейня с авторскими напитками и альтернативными способами заваривания кофе: кемекс, пуровер, сифон, аэропресс и клевер.",ежедневно 7:30–23:00,kudago,indoor,0.92,indoor kind/title signal,2,indoor
kudago:20613,Новосибирск,плавучий фонтан на Оби,"attractions,fountain",location,"Мощнейший фонтан со светомузыкой в городе. Спроектирован Л.Зотовым, открыт с четырех до десяти вечера кроме понедельника, а около восьми начинает работать подсветка.",,kudago,outdoor,0.78,outdoor kind/title signal,2,outdoor
kudago:6591,Новосибирск,ресторан Vatel,restaurants,food,Ресторан Vatel — пообедайте в галерее!,ежедневно 12:00–0:00,kudago,indoor,0.92,indoor kind/title signal,2,indoor
kudago:6594,Новосибирск,ресторан «Агат»,restaurants,food,Ресторан «Агат» предлагает своим гостям изысканный интерьер и вкусную восточную кухню!,ежедневно 11:00–0:00,kudago,indoor,0.92,indoor kind/title signal,2,indoor
kudago:6641,Новосибирск,ресторан «Городъ N»,restaurants,food,"Расположение в историческом центре Новосибирска, рядом с железнодорожным вокзалом, позволяет посещать ресторан «Городъ N» жителям и гостям этого прекрасного города.",ежедневно 10:00–0:00,kudago,indoor,0.92,indoor kind/title signal,2,indoor
kudago:6458,Новосибирск,ресторан «Золотая долина»,restaurants,food,«Золотая долина» — тихое уютное место для шикарного вечера.,ежедневно 7:30–0:00,kudago,indoor,0.92,indoor kind/title signal,2,indoor
kudago:7234,Новосибирск,ресторан «Николь»,restaurants,food,"Качественная и увлекательная шоу-программа является важным аспектом для любого ресторана, а афиши ресторана «Николь» обещают именно такую программу развлечений.","пн–пт 11:00–23:00, сб, вс 8:00–20:00",kudago,indoor,0.92,indoor kind/title signal,2,indoor
kudago:8320,Новосибирск,ресторан «Оригами»,restaurants,food,Ресторан японской кухни «Оригами» расположен в оригинальном здании в форме стеклянного шара.,ежедневно 11:00–0:00,kudago,indoor,0.92,indoor kind/title signal,2,indoor
kudago:8318,Новосибирск,ресторан–бар «Гринвич»,restaurants,food,В ресторане-баре «Гринвич» самый просторный банкетный зал в городе.,ежедневно 9:00–21:00,kudago,indoor,0.92,indoor kind/title signal,2,indoor
kudago:22425,Новосибирск,сеть кондитерских Kuzina,restaurants,food,Кондитерская со вкусной выпечкой и отличным кофе.,ежедневно 8:00–22:00,kudago,indoor,0.92,indoor kind/title signal,2,indoor
kudago:22644,Новосибирск,сеть кофеен «Кофемолка»,restaurants,food,Демократичные и уютные кофейни с хорошим выбором кофе и блюдами европейской кухни. А в собственной кондитерской мастера «Кофемолки» приготовят любой торт на заказ к определенной дате.,ежедневно 8:00–1:00,kudago,indoor,0.92,indoor kind/title signal,2,indoor
kudago:4007,Новосибирск,театр «На левом берегу»,theatre,museum,Новосибирский драматический театр «На левом берегу» родился из самодеятельного театрального коллектива.,,kudago,indoor,0.78,indoor kind/title signal,2,indoor
kudago:27547,Новосибирск,теппан-бар «Мятный карась»,"restaurants,bar",food,"Очень популярное в Новосибирске заведение, в котором блюда шеф-повар приготовит прямо у вас на глазах: и это будет не банальная кулинария, а настоящее шоу с огнём.","пн–чт, вс 12:00–0:00, пт, сб 12:00–2:00",kudago,indoor,0.92,indoor kind/title signal,2,indoor
otm:N6344833675,Самара,"""Дорогая, я перезвоню..,""","foods,cafes,tourist_facilities",food,,,opentripmap,indoor,0.92,indoor kind/title signal,2,indoor
otm:N7550923882,Самара,Bootlegger,"foods,restaurants,tourist_facilities",food,,,opentripmap,indoor,0.92,indoor kind/title signal,2,indoor
otm:W39750808,Самара,Comedy Cafe,"pubs,foods,tourist_facilities",food,,,opentripmap,indoor,0.92,indoor kind/title signal,2,indoor
otm:N7602494741,Самара,Hot Holland,"foods,restaurants,tourist_facilities",food,,,opentripmap,indoor,0.92,indoor kind/title signal,2,indoor
kudago:4866,Самара,"Арт-кафе ""Галерея""",restaurants,food,"Арт-кафе ""Галерея"" приглашает гостей.",ежедневно 10:00–23:00,kudago,indoor,0.92,indoor kind/title signal,2,indoor
otm:N4101259191,Самара,Барселона,"foods,bars,tourist_facilities",food,,,opentripmap,indoor,0.92,indoor kind/title signal,2,indoor
kudago:4376,Самара,Ботанический сад Самарского государственного университета (СамГУ),"park,attractions",walk,Одно из любимейших мест жителей Самары,,kudago,outdoor,0.78,outdoor kind/title signal,2,outdoor
otm:U7192,Самара,Витражи,"theatres_and_entertainments,cultural,interesting_places,other_theatres",location,"<p><span>Муниципальное учреждение культуры городского округа Самара «Театр для всей семьи «Витражи» основан в 1995 году Аллой Набоковой, Еленой Петровой и группой артистов как театр для детей и молодежи. С 2004 года художественный руководитель театра – Станислав Горковенко. В 2010 г. присвоен статус муниципального учреждения культуры. В репертуаре более 30 спектаклей и игровых театрализованных программ для детей и взрослых.</span></p><p><span>Театр – участник региональных, российских и международных фестивалей (театральный фестиваль к 160-летию Самарской губернии «160 персонажей», IX Международный театральный форум «Золотой Витязь», 3-й московский фестиваль спектаклей малых форм для детей «Сказочный мир»).</span></p><p><span>Самарский театр для детей, молодежи, юношества и взрослых.</span><br /></p>",,opentripmap,indoor,0.92,indoor kind/title signal,2,
otm:N5796860753,Самара,Додо Пицца,"foods,fast_food,tourist_facilities",food,,,opentripmap,indoor,0.92,indoor kind/title signal,2,indoor
otm:W901699765,Самара,Игра вкусов,"foods,cafes,tourist_facilities",food,,,opentripmap,indoor,0.92,indoor kind/title signal,2,indoor
kudago:4881,Самара,"Ирландский паб ""Shamrock""",restaurants,food,"9 сортов свежего разливного пива от пивоваров Ирландии, Чехии, Германии и Туманного Альбиона ждут Вас в ирландском пабе ""Shamrock""",ежедневно 12:00–2:00,kudago,indoor,0.92,indoor kind/title signal,2,indoor
kudago:8619,Самара,Итальянский ресторан In Alto,restaurants,food,"Итальянский ресторан In Alto – изысканные блюда, родом с Апеннин, гораздо ближе и доступнее, чем может показаться.",ежедневно 18:00–1:00,kudago,indoor,0.92,indoor kind/title signal,2,indoor
kudago:4998,Самара,"Кафе ""Калинка""",restaurants,food,"В кафе ""Калинка"" можно вкусно поесть и интересно провести время",ежедневно с 12:00-22:00,kudago,indoor,0.92,indoor kind/title signal,2,indoor
kudago:4889,Самара,"Кафе ""Палуба""",restaurants,food,"Кафе ""Палуба"" радует своих гостей оригинальным интерьером","пн.-чт. , вск. 12.00-02.00, пт.-сб. 12.00-05.00",kudago,indoor,0.92,indoor kind/title signal,2,indoor
kudago:5020,Самара,Кафе «Кебаб-хаус»,restaurants,food,"Самые вкусные блюда, приготовленные на мангале, ждут Вас в кафе «Кебаб-хаус»",ежедневно весь день,kudago,indoor,0.92,indoor kind/title signal,2,indoor
kudago:4971,Самара,Кафе «Отдых»,restaurants,food,Посидеть и отдохнуть в Самаре можно в уютном летнем кафе «Отдых».,ежедневно 10:00–23:00,kudago,indoor,0.92,indoor kind/title signal,2,indoor
kudago:8148,Самара,Клуб «Планета Боулинг»,"amusement,kids,restaurants,attractions,sights,recreation",food,Клуб «Планета Боулинг»: насладитесь приятной атмосферой игры и азарта.,пн–пт 12:00–6:00,kudago,indoor,0.92,indoor kind/title signal,2,indoor
kudago:8771,Самара,Клуб-кафе The BeatOK,"amusement,restaurants,clubs",food,Клуб-кафе The BeatOK – место встречи заядлых поклонников The Beatles и бильярда.,ежедневно 14:00–3:00,kudago,indoor,0.92,indoor kind/title signal,2,indoor
kudago:8647,Самара,Клуб-ресторан «Леди-Рай»,"restaurants,bar,clubs",food,Клуб-ресторан «Леди-Рай» – сказочный вечер для истинных леди.,ежедневно 12:00–6:00,kudago,indoor,0.92,indoor kind/title signal,2,indoor
otm:W739720667,Самара,Культ,"foods,bars,tourist_facilities",food,,,opentripmap,indoor,0.92,indoor kind/title signal,2,indoor
otm:N4674942121,Самара,Морковный заяц,"foods,restaurants,tourist_facilities",food,,,opentripmap,indoor,0.92,indoor kind/title signal,2,indoor
otm:N3887466892,Самара,Музей истории трамвайно-троллейбусного управления,"cultural,museums,interesting_places,other_museums",museum,,,opentripmap,indoor,0.92,indoor kind/title signal,2,indoor
kudago:5354,Самара,Памятник влюбленным,attractions,location,"Памятник влюбленным в виде двух газелей, олицетворяющих счастье и любовь.",,kudago,outdoor,0.78,outdoor kind/title signal,2,
kudago:4897,Самара,"Парк-Отель ""Дубрава""",restaurants,food,Парк-Отель «Дубрава» порадует живописными уголками Волжского района.,ежедневно весь день,kudago,indoor,0.92,indoor kind/title signal,2,indoor
otm:N4101259192,Самара,Пицца шоп,"foods,fast_food,tourist_facilities",food,,,opentripmap,indoor,0.92,indoor kind/title signal,2,indoor
otm:N7550923881,Самара,Пряный Барашек,"foods,restaurants,tourist_facilities",food,,,opentripmap,indoor,0.92,indoor kind/title signal,2,indoor
otm:U5621,Самара,Радуга,"children_museums,museums,cultural,interesting_places,art_galleries",museum,"<p><span>В культурно-выставочном центре </span><span>«Радуга»</span><span> представлены:</span></p><ul><li><span>з</span><span>алы культур: Древнего Египта, Японии, </span><span>Древней Греции, </span><span>Тибета, Индии; эпох Средневековья и Возрождения; </span></li><li><span>зал истории Отечества </span><span>«</span><span>Россия. Подвиг народа</span><span>»;</span></li><li><span>художественные выставки</span><span> репродукций картин русских и зарубежных мастеров классического искусства;</span></li><li><span>коллекция минералов из разных уголков мира;</span></li><li><span>фотовыставка </span><span>«Планета Земля» со сменными экспозициями.</span></li></ul><p>В центре проходят культурные мероприятия, экскурсии и семейные мастер-классы. Посещение КВЦ «Радуга» и экскурсионное обслуживание бесплатное.</p><p><span>Выставочные залы «Радуги» работают с 1998 года, являются выставочным пространством Международной общественной организации «Центр духовной культуры» (МОО ЦДК), которая </span><span>занимается созданием и организацией передвижных выставок по России и странам ближнего зарубежья.</span></p>",,opentripmap,indoor,0.92,indoor kind/title signal,2,indoor
kudago:4877,Самара,"Ресторан ""Gold Room""",restaurants,food,"Атмосфера уюта и чувство комфорта, которые присущи ресторану ""Gold Room"", привлекает сюда все больше гостей.",ежедневно 12:00–0:00,kudago,indoor,0.92,indoor kind/title signal,2,indoor
kudago:4873,Самара,"Ресторан ""Paffos Light""",restaurants,food,"Европейский уголок с присущим истинно российским гостеприимством, в сочетании с лучшими традициями русской и зарубежной кухни - вот что можно сказать о ресторане ""Paffos Light""",ежедневно 12:00–0:00,kudago,indoor,0.92,indoor kind/title signal,2,indoor
kudago:4884,Самара,"Ресторан ""Sehr-Gut""",restaurants,food,"Ресторан ""Sehr-Gut"" - маленькая Бавария в Самаре",Пт-сб с 12-00 до 2-00 Вс-Чт с 12-00 до 00-00,kudago,indoor,0.92,indoor kind/title signal,2,indoor
kudago:4888,Самара,"Ресторан ""Зелень""",restaurants,food,"Демократичный ресторан ""Зелень""","пт, сб 12:00–2:00, пн–чт 12:00–0:00",kudago,indoor,0.92,indoor kind/title signal,2,indoor
kudago:8243,Самара,Ресторан Fusion,restaurants,food,«Fusion» изысканная палитра вкусов экзотичного Востока.,ежедневно 13:00–3:00,kudago,indoor,0.92,indoor kind/title signal,2,indoor
kudago:5022,Самара,Ресторан «BeerClub»,restaurants,food,Ресторан «BeerClub» предлагает Вам широкий ассортимент свежего пива,ежедневно с 12:00 до 1:00 (по пятницам и субботам до 3:00),kudago,indoor,0.92,indoor kind/title signal,2,indoor
kudago:4961,Самара,Ресторан «Пена»,restaurants,food,"Ресторан ""Пена"" - это то место, где можно с комфортом провести свое время",Пн-Вс с 12.00 и до последнего клиента,kudago,indoor,0.92,indoor kind/title signal,2,indoor
otm:N3887466893,Самара,Самарский епархиальный церковно-исторический музей,"cultural,museums,interesting_places,history_museums",museum,"<p>Музей был открыт 14 мая 1997 года, он начинался с одной комнаты и располагал небольшим собранием экспонатов. Основу этого собрания составляли личные вещи, книги и документы двух владык: митрополита Мануила (Лемешевского) и митрополита Иоанна (Снычева).&nbsp;<br /></p><p>В 2001 году музей вошел в Союз музеев России. В 2002 году музей был зарегистрирован как учреждение культуры, штат его был расширен. Большой вклад в &nbsp;разработку научной концепции музея внесли архимандрит Вениамин (Лабутин) и Радченко Ольга Ивановна (директор музея).<br /></p><p>В настоящее время постоянная экспозиция размещается в двух залах: экспозиция первого зала посвящена истории православной церкви в Самарском крае. Здесь представлены документы, фотографии архиереев, возглавлявших местную епархию, фотографии храмов, полностью уничтоженных в 30-е гг., и др. Центральное место в этом зале занимает мемориальная келия митрополита Мануила (Лемешевского), одного из известнейших иерархов Русской православной церкви ХХ века.<br /></p><p>Во втором зале музея располагается экспозиция церковного искусства. Здесь представлены изделия монастырских мастерских (золотошвейных, белошвейных, иконописных), старопечатные и рукописные книги, иконы местных иконописных мастерских и отдельных иконописцев, например, иконы Григория Журавлева, который родился в 1858 г. в селе Утевка Бузулукского уезда Самарской губернии безруким и безногим (писал иконы, держа кисть в зубах).<br /></p><p>Третий зал – выставочный.</p>",,opentripmap,indoor,0.92,indoor kind/title signal,2,indoor
kudago:4383,Самара,Самарский театр кукол,theatre,museum,Самарский театр кукол существует с начала 30-х годов ХХ века. Именно тогда на волне популярности жанра в народе произошло объединение многочисленных разрозненных трупп в один коллектив.,,kudago,indoor,0.78,indoor kind/title signal,2,indoor
otm:N5686732823,Самара,Сеть уличных кофеен Friend Coffee,"foods,cafes,tourist_facilities",food,,,opentripmap,indoor,0.92,indoor kind/title signal,2,indoor
otm:W901735828,Самара,Сила спорта,"foods,cafes,tourist_facilities",food,,,opentripmap,indoor,0.92,indoor kind/title signal,2,indoor
otm:N4107032997,Самара,Столовая ПГТ,"foods,restaurants,tourist_facilities",food,,,opentripmap,indoor,0.92,indoor kind/title signal,2,indoor
kudago:4355,Самара,Театр драмы «Камерная сцена»,theatre,museum,Театр драмы «Камерная сцена» постоянно расширяет свой репертуар.,пн–птс 10:00–19:00,kudago,indoor,0.78,indoor kind/title signal,2,indoor
otm:W28679393,Самара,Три оленя,"foods,restaurants,tourist_facilities",food,,,opentripmap,indoor,0.92,indoor kind/title signal,2,indoor
otm:N7503476005,Самара,Фарфор,"foods,cafes,tourist_facilities",food,,,opentripmap,indoor,0.92,indoor kind/title signal,2,indoor
otm:W42210948,Самара,Фонтан победы,"fountains,cultural,urban_environment,interesting_places",walk,,,opentripmap,outdoor,0.92,outdoor kind/title signal,2,
otm:N663891722,Самара,Хуторок,"foods,restaurants,tourist_facilities",food,,,opentripmap,indoor,0.92,indoor kind/title signal,2,indoor
otm:N2903789194,Самара,Черчилль,"foods,restaurants,tourist_facilities",food,,,opentripmap,indoor,0.92,indoor kind/title signal,2,indoor
kudago:8503,Самара,Японский ресторан «Акэбоно»,restaurants,food,Ресторан «Акэбоно» – кулинарные изыски японской кухни и уникальная атмосфера страны восходящего солнца в одном заведении.,ежедневно 12:00–0:00,kudago,indoor,0.92,indoor kind/title signal,2,indoor
otm:N1973361477,Самара,антикафе Good Story,"foods,cafes,tourist_facilities",food,,,opentripmap,indoor,0.92,indoor kind/title signal,2,indoor
kudago:9847,Самара,бильярд-клуб «Клапштос»,"amusement,bar",food,"Бильярд-клуб «Клапштос» ждет посетителей по адресу ул. Лесная, 23. Это уютное заведение – то, что нужно для великолепного отдыха поклонников бильярда.",ежедневно 11:00–6:00,kudago,indoor,0.65,food category fallback,2,indoor
kudago:9844,Самара,бильярдный клуб «Шар»,"amusement,restaurants",food,"Бильярд-клуб «Шар» находится по адресу Заводское шоссе, дом 40. Здесь есть все, что нужно для полноценного отдыха: три зала с высококлассными бильярдными столами, меню с вкусными блюдами европейской кухни и даже сауна.",ежедневно 12:00–0:00,kudago,indoor,0.92,indoor kind/title signal,2,indoor
kudago:9353,Самара,боулинг-кафе «Страйк»,"amusement,restaurants",food,"Боулинг-кафе «Страйк» приглашает любителей боулинга попытать счастья на двенадцати дорожках. Девиз заведения: «Кеглям головы не снесть, если плотно не поесть». Уже только этот факт подтверждает, что здесь можно не только здорово повеселиться, но и отлично покушать.",ежедневно 11:00–6:00,kudago,indoor,0.92,indoor kind/title signal,2,indoor
kudago:9729,Самара,диджей-бар CHЁ,"bar,clubs",food,"Популярный самарский диджей-бар с оригинальным названием CHЁ находится по адресу ул. Стара Загора, 202а. Если хотите стильного и активного отдыха, вам сюда.",ежедневно 21:00–7:00,kudago,indoor,0.65,food category fallback,2,indoor
kudago:9387,Самара,караоке-клуб «Оперетта»,"bar,clubs",food,"Популярный в Самаре караоке-клуб «Оперетта» - это именно то место, где можно по-настоящему почувствовать себя звездой. В заведении отлично проводить корпоративные вечеринки или дни рождения, а можно просто повеселиться с друзьями.","пн–пт 20:00–2:00, сб, вс 20:00–10:00",kudago,indoor,0.65,food category fallback,2,indoor
kudago:9988,Самара,кафе Ameli на ул. Дачной,restaurants,food,"Кафе Ameli - одно из самых молодых, но уже очень популярных самарских заведений. Это имя многим знакомо благодаря великолепной романтической комедии французского режиссера Жана-Пьера Жене «Амели», названной в честь главной героини картины.","пн–пт 7:30–2:30, сб–вс: 9:00–2:30",kudago,indoor,0.92,indoor kind/title signal,2,indoor
kudago:10042,Самара,кафе «Бирюсинка»,restaurants,food,"Рядом с парком Победы на улице Мориса Тореза в доме №121, находится небольшое уютное кафе под названием «Бирюсинка». Это заведение по духу напоминает небольшие кафе провинциальной Италии.",пн–пт 11:00–16:00,kudago,indoor,0.92,indoor kind/title signal,2,indoor
kudago:10097,Самара,кафе «Попугай»,restaurants,food,"Создатели интерьера кафе «Попугай», наверное, мечтали о тропиках. Потому здесь вы почувствуете себя, как на курорте. Вся мебель в заведении сделана из дерева и весьма оригинально. Таких интересных стульев и столиков вы не найдете ни в одном кафе Самары.",ежедневно 11:00–0:00,kudago,indoor,0.92,indoor kind/title signal,2,indoor
kudago:9917,Самара,кафе «Сакура»,restaurants,food,Ресторан с красивым названием «Сакура» уже не первый год радует самарцев и гостей города возможностью на время забыть о каждодневных заботах и почувствовать волшебную атмосферу Японии.,ежедневно 12:00–1:00,kudago,indoor,0.92,indoor kind/title signal,2,indoor
kudago:9355,Самара,кафе «Сэндвич House»,restaurants,food,"Если времени на обстоятельный обед катастрофически не хватает, а покушать все-таки хочется, загляните в кафе «СЭНДВИЧ HOUSE». Это популярное самарское заведение расположено по адресу Ново-Вокзальная, дом 5.",ежедневно 11:00–23:00,kudago,indoor,0.92,indoor kind/title signal,2,indoor
kudago:9916,Самара,кафе «Хац Хаус»,restaurants,food,"В Самаре расположилась сеть кафе с оригинальным и звучным названием «Хац Хаус». Это заведение работает до полуночи, а по пятницам и субботам — до 02:00, без перерывов и выходных.","пн–чт, вс 12:00–0:00, пт, сб 12:00–2:00",kudago,indoor,0.92,indoor kind/title signal,2,indoor
kudago:10048,Самара,кафе «Хинкали & Хачапури»,restaurants,food,"В Самаре на улице Льва Толстого в доме 118, находится одно из любимых горожанами заведение, где можно насладиться изысканным вкусом блюд грузинской кухни. Кафе «Хинкали & Хачапури» радует глаз как внешним, так и внутренним оформлением.",ежедневно 10:00–22:00,kudago,indoor,0.92,indoor kind/title signal,2,indoor
kudago:9358,Самара,кафе «Эллора»,restaurants,food,"В кафе «Эллора» подают изумительно вкусный шашлык. Здесь можно отведать и другие, не менее достойные блюда кавказской кухни. Для поклонников традиционных трапез имеется множество популярных европейских кушаний.",ежедневно 12:00–0:00,kudago,indoor,0.92,indoor kind/title signal,2,indoor
kudago:9880,Самара,кафе-пекарня Cinnabon,restaurants,food,"Cinnabon – это название легендарного кафе, которое начало угощать своих посетителей вкуснейшими булочками с корицей еще в 1985 году. В Самаре Cinnabon находится в помещении популярного торгового центра «Космопорт», который можно найти на улице Дыбенко, дом 30.",ежедневно 10:00–22:00,kudago,indoor,0.92,indoor kind/title signal,2,indoor
kudago:9918,Самара,кофейня Danesi,restaurants,food,"Первое кафе, получившее название Danesi, было открыто в Риме более ста лет назад, в далеком 1905 году. Кофейня Danesi в Самаре работает с 2008 года, и за это время у заведения появилось множество постоянных посетителей, а количество довольных клиентов продолжает расти.",ежедневно 9:00–22:00,kudago,indoor,0.92,indoor kind/title signal,2,indoor
kudago:9382,Самара,паб «Свобода»,bar,food,"Один из самых известных и популярных пабов в Самаре – это «Свобода». Расположено заведение на улице Ленинской, 224.",ежедневно 10:00–23:00,kudago,indoor,0.65,food category fallback,2,indoor
kudago:5193,Самара,памятник «Красное знамя»,attractions,location,"Весьма не однозначно отношение наших современников к периоду советской власти и ее героям. Тем не менее, это значительный этап нашей истории, а его герои – наши предки, сложившие головы за осуществление красивой, пусть и несбывшейся, мечты.",,kudago,outdoor,0.78,outdoor kind/title signal,2,
kudago:9430,Самара,памятник Антону Павловичу Чехову,"attractions,recreation",location,Антону Павловичу Чехову так и не удалось побывать в Самаре. Но благодаря его большому сердцу многим самарцам удалось избежать мучительной смерти.,,kudago,outdoor,0.78,outdoor kind/title signal,2,
kudago:9451,Самара,памятник Гагарину,"park,attractions",walk,"Во многих городах России, Украины, Белоруссии давно установлены памятники первому человеку, побывавшему в космосе. В Самаре такого мемориала не было.",,kudago,outdoor,0.78,outdoor kind/title signal,2,outdoor
kudago:9409,Самара,"памятник Святителю Алексию, покровителю Самары",attractions,location,"Согласно легенде, Святитель Алексий в 1357 году прибыл в Золотую Орду. Одна из жен хана Джанибека по имени Тайдуллу страдала «куриной слепотой». Каких только лекарей не призывал хан, они бессильно качали головами.",,kudago,outdoor,0.78,outdoor kind/title signal,2,
kudago:12475,Самара,памятник коту на ГРЭС,attractions,location,Символ семейного уюта и счастья в Самаре.,,kudago,outdoor,0.78,outdoor kind/title signal,2,
kudago:9448,Самара,пиццерия «Мама Чоли»,restaurants,food,"«Мама Чоли» - самарская пиццерия, пользующаяся огромной популярностью не только среди студентов. Расположена она на улице Полевой, дом 68.",ежедневно 11:00–23:00,kudago,indoor,0.92,indoor kind/title signal,2,indoor
kudago:10096,Самара,пиццерия «Неаполь»,restaurants,food,"Бывает, что разноцветные витрины и гламурные заведения просто надоедают. В такие моменты хочется провести время в уютном и спокойном уголке. Это желание с легкостью воплотит пиццерия «Неаполь».",ежедневно 11:00–23:00,kudago,indoor,0.92,indoor kind/title signal,2,indoor
kudago:9843,Самара,развлекательный комплекс Paint House,"amusement,restaurants",food,Развлекательный комплекс Paint House создает приятное впечатление уже при первом взгляде на помещение клуба.,"пт, сб 12:00–3:00, пн–чт, вс 12:00–1:00",kudago,indoor,0.92,indoor kind/title signal,2,indoor
kudago:9110,Самара,ресторан Brauhaus Konigskrone,"restaurants,bar",food,"Ресторан Brauhaus Konigskrone: здесь знают все о том, как сварить безупречное пиво!",ежедневно 11:00–0:00,kudago,indoor,0.92,indoor kind/title signal,2,indoor
kudago:8290,Самара,ресторан «BACCO»,restaurants,food,"Здесь обещают удивить настоящими блюдами итальянской кухни, приготовленными по оригинальным рецептам",ежедневно 12:00–6:00,kudago,indoor,0.92,indoor kind/title signal,2,indoor
kudago:9257,Самара,ресторан «Атлантида»,restaurants,food,"Самарский ресторан «Атлантида» - это заведение, в котором всегда есть посетители. Учитывая то, что в городе много различных заведений, этот факт обращает на себя внимание.",ежедневно 12:00–0:00,kudago,indoor,0.92,indoor kind/title signal,2,indoor
kudago:9145,Самара,ресторан «Прага»,"restaurants,inn",food,"Многие из популярных ресторанов Самары являются частью гостиничных комплексов. Одно из таких заведений – ресторан «Прага», расположенный в гостинице «Моя».",ежедневно 7:00–2:00,kudago,indoor,0.92,indoor kind/title signal,2,indoor
kudago:9277,Самара,торгово-развлекательный центр «Мегасити»,"salons,restaurants,shops",food,"Человечество делится на две неравных половины. Одна что-то продает, другая — покупает. Обе эти части самарского населения имеют возможность встретиться в торговом центре «Мегасити».",ежедневно 10:00–22:00,kudago,indoor,0.92,indoor kind/title signal,2,indoor
kudago:9368,Самара,торговый комплекс «Апельсин»,"salons,restaurants,shops",food,"Где можно в Самаре в любое время года найти «Апельсин»? Конечно, на Ново-Садовой!",ежедневно 10:00–22:00,kudago,indoor,0.92,indoor kind/title signal,2,indoor
kudago:3871,Санкт-Петербург,Playloft GaGa,"amusement,anticafe",food,Пространство открыто сетью игровых магазинов GaGaGames.,"пн–чт, вс 12:00–23:00, пт, сб 12:00–6:00",kudago,indoor,0.65,food category fallback,2,indoor
kudago:113,Санкт-Петербург,«Лофт Проект Этажи»,"art-centers,museums",museum,"«Лофт Проект Этажи» — арт-пространство на пяти этажах, первый выставочный проект подобного рода в Санкт-Петербурге.",ежедневно 10:00–22:00,kudago,indoor,0.92,indoor kind/title signal,2,indoor
kudago:1713,Санкт-Петербург,Антикафе «12 комнат»,"coworking,anticafe",food,"Пространство для отдыха, общения или работы в центре Петербурга.",ежедневно 10:00–6:00,kudago,indoor,0.65,food category fallback,2,indoor
kudago:7023,Санкт-Петербург,Антикафе-клуб «Мансарда»,anticafe,food,"Уютное место в центре Санкт-Петербурга, где можно провести хоть романтическое свидание, хоть шумный праздник.",ежедневно 12:00–23:30,kudago,indoor,0.65,food category fallback,2,indoor
kudago:674,Санкт-Петербург,Арт-клуб «Книги и кофе»,"art-centers,restaurants",food,"Команда клуба-кафе «Книги и кофе» считает место особенным. А всё потому, что оно объединяет несколько форматов. Вы будете удивлены многообразию концертов, литературных вечеров, кинопоказов, выставок, неожиданных перформансов и театральных постановок, которые проходят на одной площадке!",ежедневно 10:00–22:00,kudago,indoor,0.92,indoor kind/title signal,2,indoor
kudago:43,Санкт-Петербург,Ботанический сад Петра Великого,"photo-places,attractions",location,Ботанический сад Петра Великого — один из старейших в России. Здесь вы увидите почти 8 000 растений со всех уголков земного шара.,вт–вс 10:00–17:30,kudago,outdoor,0.78,outdoor kind/title signal,2,outdoor
kudago:198,Санкт-Петербург,Дворцовая площадь,"attractions,sights",location,За несколько столетий площадь успела стать свидетелем истории города и символом его торжественной красоты.,,kudago,outdoor,0.78,outdoor kind/title signal,2,
kudago:1156,Санкт-Петербург,Зоологический музей Зоологического института РАН,museums,museum,"Зоологический музей Санкт-Петербурга, расположенный на Стрелке Васильевского острова, является одним из крупнейших естественнонаучных музеев мира. История музея началась в 1832 году, в основу его экспозиции легли зоологические коллекции Кунсткамеры. Музей входит в структуру Зоологического института Российской академии наук, научные фонды которого насчитывают 60 миллионов единиц хранения.","пн, ср–вс 11:00–19:00 (касса: пн, ср–вс 11:00–18:00)",kudago,indoor,0.92,indoor kind/title signal,2,indoor
kudago:1127,Санкт-Петербург,Кафе «Саквояж беременной шпионки»,"restaurants,attractions,sights",food,"«Саквояж беременной шпионки» — интересное заведение, в котором эффектно смешались элементы чёрного юмора, ретростиля и эротики.","пн–чт 11:00–1:00, пт 11:00–2:00, сб 12:00–2:00, вс 12:00–1:00",kudago,indoor,0.92,indoor kind/title signal,2,indoor
kudago:602,Санкт-Петербург,Кафе и музей «Республика кошек и котов»,"amusement,kids,museums,restaurants",food,"Причудливое место, объединяющее в себе арт-кафе, музей, выставочное пространство, клуб и маленький кошачий рай. Заведение всячески способствует дружескому общению животных и человека.",ежедневно 10:00–22:00,kudago,indoor,0.92,indoor kind/title signal,2,indoor
kudago:1297,Санкт-Петербург,Кофейня «БольшеКофе!»,restaurants,food,"Уютная кофейня, спрятавшаяся в самом настоящем гроте.","пн–пт 9:00–23:00, сб, вс 10:00–23:00",kudago,indoor,0.92,indoor kind/title signal,2,indoor
kudago:693,Санкт-Петербург,Кунсткамера,museums,museum,"Один из первых из русских музеев, основанный в 1714 году Петром I.",вт–вс 10:00–18:00,kudago,indoor,0.92,indoor kind/title signal,2,indoor
kudago:628,Санкт-Петербург,Летний сад,"attractions,sights",location,"Летний сад, один из символов Петербурга, неоднократно воспетый поэтами, является целиком произведением искусства, творением гения и рук человеческих. Первоначально он был задуман как место для летнего отдыха императора Петра Алексеевича.","пн, ср–вс 10:00–20:00",kudago,outdoor,0.78,outdoor kind/title signal,2,
kudago:11477,Санкт-Петербург,Мастерская Аникушина,"kids,museums,photo-places,attractions,sights",museum,"Мастерская знаменитого советского мастера приглашает всех, кто хочет поближе познакомиться с искусством создания скульптуры. Вас ждут выставки, мастер-классы и интерактивы для посетителей любого возраста.","ср 12:00–21:00, чт–вс 12:00–19:00",kudago,indoor,0.92,indoor kind/title signal,2,indoor
kudago:2376,Санкт-Петербург,Михайловский (Инженерный) замок,"museums,attractions",museum,"Дворцовый комплекс, построенный в стиле романического классицизма, рассматривался императором Павлом I в качестве парадной резиденции, но после печальных событий 1801 года замок утратил свою значимость.","пн, ср–вс 10:00–19:00",kudago,indoor,0.92,indoor kind/title signal,2,indoor
kudago:3633,Санкт-Петербург,Музей Арктики и Антарктики,museums,museum,"Крупнейший музей, посвящённый исследованию крайних северных и южных широт.","ср, сб, вс 10:00–18:00, чт 12:00–20:00",kudago,indoor,0.92,indoor kind/title signal,2,indoor
kudago:32511,Санкт-Петербург,Музей Магии,"amusement,kids,museums,sights",museum,"В одном из самых волшебных музеев Петербурга дети и взрослые погружаются в мир чудес и впечатлений. Здесь гостей ждут необычные старинные экспонаты, разоблачение трюков известных фокусников и уникальное иллюзионное шоу. В кафе можно попробовать волшебные напитки, а в магической лавке — приобрести реквизит начинающего фокусника.",ежедневно 10:00–21:00,kudago,indoor,0.92,indoor kind/title signal,2,indoor
kudago:31231,Санкт-Петербург,Музей Теней,"museums,art-space",museum,"Музей Теней — не имеющее аналогов арт-пространство, где на языке света и тени зрителям рассказывают удивительную историю Петербурга, а также предоставляют возможность увидеть себя и всё окружающее с неожиданной стороны.",ежедневно 11:00–22:00,kudago,indoor,0.92,indoor kind/title signal,2,indoor
kudago:118,Санкт-Петербург,"Музей артиллерии, инженерных войск и войск связи",museums,museum,850 000 экспонатов — свидетельства неувядающей славы русского оружия.,вт–вс 10:00–18:00,kudago,indoor,0.92,indoor kind/title signal,2,indoor
kudago:945,Санкт-Петербург,Музей истории религии,museums,museum,"Музей истории религии является единственным в стране и одним из немногих в мире культурных учреждений, во всех деталях рассказывающих о зарождении, развитии и особенностях разных религий.","пн, чт–вс 10:00–18:00, вт 13:00–21:00",kudago,indoor,0.92,indoor kind/title signal,2,indoor
kudago:398,Санкт-Петербург,Музей истории фотографии,"museums,photo-places",museum,"Уникальная коллекция фотоснимков, техники для печати и аппаратов для работы фотохудожников.",вт–сб 13:00–17:00,kudago,indoor,0.92,indoor kind/title signal,2,indoor
kudago:754,Санкт-Петербург,Музей кошки,"kids,museums",museum,"Человек давно подружился с кошкой, она стала домашней любимицей. Но всё ли мы о ней знаем? Музей кошки во Всеволожске раскроет многие тайны из жизни этого милого зверька.","вт–чт 11:00–18:00, пт–вс 12:00–18:00",kudago,indoor,0.92,indoor kind/title signal,2,indoor
kudago:1033,Санкт-Петербург,Музей связи,"kids,museums",museum,От сигнального костра до передачи информации силой мысли — в музее представлены все существующие на сегодняшний день способы связи.,вт–вс 10:30–18:00 (касса: вт–вс 10:30–17:30),kudago,indoor,0.92,indoor kind/title signal,2,indoor
kudago:322,Санкт-Петербург,Музей сновидений Зигмунда Фрейда,museums,museum,"Знаете, что общего между теорией относительности Альберта Эйнштейна, моделью атома Эрнеста Резерфорда, периодической таблицей Дмитрия Менделеева, пьесой Александр Грибоедова «Горе от ума», романом Роберта Льюиса Стивенсона «Остров Сокровищ» и симфонической поэмой Камиля Сен-Санса «Пляски Смерти»?","вт, сб, вс 12:00–15:45",kudago,indoor,0.92,indoor kind/title signal,2,indoor
kudago:6107,Санкт-Петербург,Музей советских игровых автоматов,"kids,museums",museum,"Интерактивный музей, в основе которого — экспонаты советской индустрии развлечений.",ежедневно 11:00–21:00,kudago,indoor,0.92,indoor kind/title signal,2,indoor
kudago:12100,Санкт-Петербург,Музей современного искусства «Артмуза»,"museums,attractions,sights",museum,«Артмуза» — один из крупнейших арт-центров в Петербурге. В 2013 году помещения бывшего завода музыкальных инструментов «Муздеталь» изысканно превратились в музей современного искусства. Теперь это культурное место для творчества и отдыха жителей и гостей Северной столицы.,ежедневно 11:00–22:00,kudago,indoor,0.92,indoor kind/title signal,2,indoor
kudago:157,Санкт-Петербург,Музей современного искусства Эрарта,"amusement,museums",museum,"От музея современного искусства ожидаешь чего-то новаторского. В Эрарте можно встретиться как с классическими жанрами, так и со смелыми экспериментами в технике и воплощении.","пн, ср–вс 11:00–23:00",kudago,indoor,0.92,indoor kind/title signal,2,indoor
kudago:615,Санкт-Петербург,Музейно-выставочный центр «Росфото»,"museums,photo-places",museum,Пространство для хранения и демонстрации фоторабот талантливых мастеров.,ежедневно 11:00–21:00,kudago,indoor,0.92,indoor kind/title signal,2,indoor
kudago:4088,Санкт-Петербург,Павловский парк,"park,attractions,recreation",walk,"Говорят, что Бог создал человека по своему образу и подобию. Глядя на Павловский парк, понимаешь, что человек действительно может быть подобен Богу в своих творениях.",ежедневно 7:00–23:00,kudago,outdoor,0.78,outdoor kind/title signal,2,outdoor
kudago:362,Санкт-Петербург,Парк 300-летия Санкт-Петербурга,"park,attractions,recreation",walk,"Открытая территория с просторным пляжем, тенистыми аллеями и чистым морским воздухом. Находится непосредственно рядом с Финским заливом.",ежедневно весь день,kudago,outdoor,0.78,outdoor kind/title signal,2,outdoor
kudago:4083,Санкт-Петербург,Парк Екатерингоф,"attractions,sights",location,"Тихий уголок в шумном городе, пока ещё не тронутый багоустройством. Трава, пруд с лодками и лошади. Прекрасное место, чтобы уединиться, почитать или подумать.",ежедневно весь день,kudago,outdoor,0.78,outdoor kind/title signal,2,
kudago:3498,Санкт-Петербург,Петербургский планетарий,"kids,museums,sights",museum,Планетарий Санкт-Петербурга — отличное место для отдыха с детьми. Двигайтесь от «летающей тарелки» — вестибюля метро «Горьковская» — по аллее вглубь Александровского сада и вскоре будете у цели.,вт–вс 10:30–19:30,kudago,indoor,0.92,indoor kind/title signal,2,indoor
kudago:30485,Санкт-Петербург,Планетарий № 1,"museums,attractions,sights",museum,В «Планетарии № 1» каждый может соприкоснуться с космосом. Купол нового планетария представляет собой гигантский экран. Изображение на него передают сорок мощных проекторов. Особая наклонная конструкция купола позволяет посетителям делать впечатляющие кадры на фоне звёзд и галактик.,ежедневно 10:00–22:00,kudago,indoor,0.92,indoor kind/title signal,2,indoor
kudago:1262,Санкт-Петербург,Поцелуев мост,"attractions,sights",location,"Поцелуев мост — романтическое место для влюблённых, овеянное мифами и постоянно вдохновляющее петербургских художников.",,kudago,outdoor,0.78,outdoor kind/title signal,2,
kudago:700,Санкт-Петербург,Пышечная на Большой Конюшенной,restaurants,food,"Универсальное петербургское место, где можно подкрепиться, — это пышечная. Самая известная пышечная — на Большой Конюшенной. Там почти всегда многолюдно, но ностальгия по советскому прошлому обеспечена — как горячими пышками, так и аутентичным интерьером.","пн–пт 9:00–20:00, сб, вс 10:00–20:00",kudago,indoor,0.92,indoor kind/title signal,2,indoor
kudago:1991,Санкт-Петербург,Ресторан Terrassa,restaurants,food,"Ресторан расположен на одном из самых высоких зданий в центре города. С его просторной террасы открывается захватывающий вид на Северную Венецию. Здесь можно заказать блюдо любой кухни мира, а зимой — даже покататься на коньках.","пн–чт 11:00–0:00, пт 11:00–1:00, сб 12:00–1:00, вс 12:00–0:00",kudago,indoor,0.92,indoor kind/title signal,2,indoor
kudago:513,Санкт-Петербург,Ресторан-фондю «Чердак художника»,"art-centers,restaurants",food,"Атмосферный «Чердак художника» расположился в одноимённой галерее современного искусства. Здесь вы можете попробовать фондю, которые готовят из разных комбинаций сыров: каждый купаж обладает неповторимым вкусом. А ещё полюбоваться панорамными видами города и пообщаться с творческими людьми.",ежедневно 12:00–23:00,kudago,indoor,0.92,indoor kind/title signal,2,indoor
kudago:1225,Санкт-Петербург,Российский этнографический музей,museums,museum,Богатое музейное собрание рассказывает о культуре и традициях разных народов России и близлежащих стран.,"вт 10:00–21:00, ср–вс 10:00–18:00 (касса: вт 10:00–20:00, ср–вс 10:00–17:00)",kudago,indoor,0.92,indoor kind/title signal,2,indoor
kudago:425,Санкт-Петербург,Русский музей,museums,museum,"Русский музей — первый в стране государственный музей русского изобразительного искусства, коллекция которого насчитывает 400 000 экспонатов и представляет историю культуры более чем за тысячу лет.","пн, ср–вс 10:00–20:00",kudago,indoor,0.92,indoor kind/title signal,2,indoor
kudago:2812,Санкт-Петербург,Сад дружбы,"attractions,sights",location,"Россия и Китай — соседи, а соседям надо жить дружно.",,kudago,outdoor,0.78,outdoor kind/title signal,2,
kudago:813,Санкт-Петербург,Таврический сад,"park,attractions,recreation",walk,Один из исторических памятников садово-паркового искусства в Санкт-Петербурге.,ежедневно 5:30–0:00,kudago,outdoor,0.78,outdoor kind/title signal,2,outdoor
kudago:1163,Санкт-Петербург,Центральный военно-морской музей,museums,museum,"Федеральный статус, 300-летний возраст и коллекция, включающая более 700 000 экспонатов, позволяют этому музею считаться одним из крупнейших в мире.","пн, ср–вс 10:00–18:00",kudago,indoor,0.92,indoor kind/title signal,2,indoor
kudago:581,Санкт-Петербург,Шуваловский парк,"park,attractions,sights,recreation",walk,"Таинственный парк, о котором знают далеко не все жители Северной столицы.",ежедневно весь день,kudago,outdoor,0.78,outdoor kind/title signal,2,outdoor
kudago:2050,Санкт-Петербург,Экспозиционно-выставочный комплекс «Вселенная Воды»,"kids,museums",museum,"Петербург — город рек и каналов. Но мало кто задумывается о колоссальных размерах водной артерии, которая скрыта под землёй. Об истории водопровода, системе водоснабжения Северной столицы и воде в целом рассказывают интерактивные экспозиции комплекса «Вселенная воды».",ср–вс 10:00–18:00 (касса: ср–вс 10:00–17:30),kudago,indoor,0.92,indoor kind/title signal,2,indoor
kudago:10838,Санкт-Петербург,аптека-музей доктора Пеля,"kids,museums",museum,"Аптека XIX века на Васильевском острове — кладезь необычных экспонатов и увлекательных историй. В музее проводятся экскурсии, а дети могут почувствовать себя настоящими алхимиками и принять участие в мастер-классах.",ежедневно 11:00–20:00 (касса: ежедневно 11:00–19:30),kudago,indoor,0.92,indoor kind/title signal,2,indoor
kudago:1343,Санкт-Петербург,арт-центр «Пушкинская-10»,"art-centers,museums",museum,"История «Пушкинской-10» началась в конце 1980-х годов, когда в одном из ленинградских домов возник сквот, объединивший неформальных музыкантов, художников и других представителей андеграундной тусовки.","ср–пт 16:00–20:00, сб, вс 12:00–20:00",kudago,indoor,0.92,indoor kind/title signal,2,indoor
kudago:10767,Санкт-Петербург,галерея Anna Nova,"art-centers,museums",museum,"Галерея формирует взгляды на современное искусство с 2005 года. Здесь проводятся не только выставки, но и мастер-классы, лекции и творческие встречи.",вт–вс 12:00–20:00,kudago,indoor,0.92,indoor kind/title signal,2,indoor
kudago:33504,Санкт-Петербург,криптозоологический музей «Бестиарий»,"amusement,kids,museums,sights",museum,"Хотите увидеть доказательства существования русалок, кентавров и циклопов, встретиться с единорогом и фейри, узнать, чем вольпертингер отличается от обычного кролика? В музее «Бестиарий» для гостей открывается удивительный мир, сотворить который помогли новейшие материалы в создании декораций и мультимедийные технологии.",ежедневно 11:00–21:00,kudago,indoor,0.92,indoor kind/title signal,2,indoor
kudago:989,Санкт-Петербург,музей железных дорог России,museums,museum,"Музей железных дорог России — один из крупнейших в Европе. На 57 000 квадратных метров расположились 123 единицы подвижного состава и 44 мультимедийные и интерактивные инсталляции. В музее проходят экскурсии и детские программы, а ещё здесь любой желающий сможет почувствовать себя машинистом благодаря реалистичному тренажёру.","пн, чт–вс 10:00–18:00, ср 12:30–20:30",kudago,indoor,0.92,indoor kind/title signal,2,indoor
kudago:1052,Санкт-Петербург,ресторан «Мансарда»,restaurants,food,Из окон ресторана открывается невероятный панорамный вид на Исаакиевский собор и исторический центр Петербурга.,ежедневно 12:00–1:00,kudago,indoor,0.92,indoor kind/title signal,2,indoor
kudago:19138,Сочи,Зимний театр,theatre,museum,"Одна из самых известных культурных площадок юга страны. Здесь традиционно проходят такие знаковые события, как кинофестиваль «Кинотавр», конкурс «Молодой балет мира», фестиваль «Театральный Олимп в Сочи» и многие другие масштабные мероприятия.",ежедневно 10:00–20:00,kudago,indoor,0.78,indoor kind/title signal,2,indoor
kudago:7923,Сочи,Морская набережная,"attractions,sights",location,Широкая и удобная Морская набережная окружена многими значимыми местам и является излюбленным местом для прогулок сочинцев и гостей курортного города.,,kudago,outdoor,0.78,outdoor kind/title signal,2,
kudago:4286,Сочи,Парк им. М. В. Фрунзе,"park,attractions",walk,"На территории старинного парка располагается летний театр — единственный в мире, подобных шедевров архитектурного искусства среди театральных сооружений открытого типа больше нет.",,kudago,outdoor,0.78,outdoor kind/title signal,2,outdoor
kudago:25793,Сочи,Чайхона №1,restaurants,food,Полюбившийся москвичам ресторан узбекской кухни теперь есть и в Сочи.,ежедневно 12:00–0:00,kudago,indoor,0.92,indoor kind/title signal,2,indoor
kudago:8083,Сочи,арт-кафе «Дача Босса»,"restaurants,attractions,sights",food,"Вы привыкли к тому, что на даче копают картошку и пропалывают грядки? Значит, вы еще не побывали на «Даче Босса».","пн–чт, вс 12:00–2:00, пт, сб 12:00–5:00",kudago,indoor,0.92,indoor kind/title signal,2,indoor
kudago:8123,Сочи,кафе «Пузатая хата»,restaurants,food,Образец южного гостеприимства.,ежедневно 9:00–0:00,kudago,indoor,0.92,indoor kind/title signal,2,indoor
kudago:22665,Сочи,кафе–кондитерская «Прага»,restaurants,food,"Кафе, которое пользуется популярностью у сочинских сладкоежек не первый десяток лет.",ежедневно 9:30–0:00,kudago,indoor,0.92,indoor kind/title signal,2,indoor
kudago:8629,Сочи,клуб «Море»,"restaurants,clubs",food,"Это заведение расположено в прибрежной зоне, так что его посетители всегда могут полюбоваться на бегущие волны и подышать свежим бризом. Днем здесь подают различные закуски и прохладительные напитки, а ближе к ночи закатывают грандиозные вечеринки с коктейлями, зажигательной музыкой и шоу-программами.",ежедневно 20:00–6:00,kudago,indoor,0.92,indoor kind/title signal,2,indoor
kudago:21129,Сочи,ночной бар Сocos,bar,food,"Тематическое заведение, которое успешно совмещает в себе арт-площадку, ночной клуб, коктейль-бар и ресторан экзотической кухни.","вт–чт, вс 18:00–3:00, пт, сб 18:00–4:00",kudago,indoor,0.78,indoor kind/title signal,2,indoor
kudago:8378,Сочи,ресторан Sea Zone,restaurants,food,"Ресторан состоит из двух частей: открытой площадки, которая примыкает к пляжу, и крытого зала, расположенного на набережной.",ежедневно 10:00–2:00,kudago,indoor,0.92,indoor kind/title signal,2,indoor
kudago:27713,Сочи,ресторан SeaZone,restaurants,food,"Особенность этого заведения — собственный пляж, а потому гости могут обедать или ужинать прямо на берегу Чёрного моря.",ежедневно 9:00–2:00,kudago,indoor,0.92,indoor kind/title signal,2,indoor
kudago:8383,Сочи,ресторан «Синее Море»,restaurants,food,"В стильном интерьере ресторана присутствует романтика морских путешествий. По красоте, масштабам и изысканности отделки заведение напоминает кают-компанию элитного океанского лайнера, который пришвартован к пляжу Сочи. Ресторан состоит из четырех комфортабельных уровней.",ежедневно 12:00–2:00,kudago,indoor,0.92,indoor kind/title signal,2,indoor
kudago:8541,Сочи,ресторан «Хрустальный»,restaurants,food,"Грандиозный ресторан «Хрустальный» с панорамным видом на парк, бассейн и море расположен в главном холле Гранд Отеля «Жемчужина».",ежедневно 8:00–20:00,kudago,indoor,0.92,indoor kind/title signal,2,indoor
kudago:28552,Сочи,сеть суши-студий «Имбирь»,"restaurants,shops",food,"Небольшие заведения сети расположены в разных районах города, поэтому если вы едите суши часто и с удовольствием, то вам сюда. Цены не кусаются, качество радует, а для ленивых предусмотрена доставка на дом.",ежедневно 10:00–23:00,kudago,indoor,0.92,indoor kind/title signal,2,indoor
kudago:4259,Сочи,театр–студия «Замок на песке»,theatre,museum,"Драматическая театральная студия, художественный руководитель — Лариса Коростелева.",ежедневно 10:00–19:00,kudago,indoor,0.78,indoor kind/title signal,2,indoor
kudago:8489,Сочи,теремок «Жили-Были…»,restaurants,food,Все прелести кавказского гостеприимства можно ощутить в кафе «Теремок «Жили-Были…».,ежедневно 9:00–23:00,kudago,indoor,0.92,indoor kind/title signal,2,indoor
kudago:22380,Сочи,центр «Кайлас»,"restaurants,attractions",food,"Центр здоровья и долголетия, где можно не только позаниматься йогой, но и просто выпить чаю.",,kudago,indoor,0.92,indoor kind/title signal,2,indoor
otm:N3661146215,Ульяновск,#ШЕФ Отдушина,"pubs,foods,tourist_facilities",food,,,opentripmap,indoor,0.92,indoor kind/title signal,2,indoor
otm:N4264213319,Ульяновск,BarHan,"foods,bars,tourist_facilities",food,,,opentripmap,indoor,0.92,indoor kind/title signal,2,indoor
otm:N2928725615,Ульяновск,ConFederation,"foods,bars,tourist_facilities",food,,,opentripmap,indoor,0.92,indoor kind/title signal,2,indoor
otm:N3180642434,Ульяновск,DoubleЯть,"foods,bars,tourist_facilities",food,,,opentripmap,indoor,0.92,indoor kind/title signal,2,indoor
otm:W127469709,Ульяновск,Goodman,"foods,cafes,tourist_facilities",food,,,opentripmap,indoor,0.92,indoor kind/title signal,2,indoor
otm:N1223084580,Ульяновск,Harat's Pub,"pubs,foods,tourist_facilities",food,,,opentripmap,indoor,0.92,indoor kind/title signal,2,indoor
otm:N5991125681,Ульяновск,SushiBox,"foods,cafes,tourist_facilities",food,,,opentripmap,indoor,0.92,indoor kind/title signal,2,indoor
otm:N3748207918,Ульяновск,Алазани,"foods,restaurants,tourist_facilities",food,,,opentripmap,indoor,0.92,indoor kind/title signal,2,indoor
otm:N3947925022,Ульяновск,Баку,"foods,restaurants,tourist_facilities",food,,,opentripmap,indoor,0.92,indoor kind/title signal,2,indoor
otm:N5224598882,Ульяновск,Баракат,"foods,fast_food,tourist_facilities",food,,,opentripmap,indoor,0.92,indoor kind/title signal,2,indoor
otm:N3748207919,Ульяновск,Вепрево колено,"foods,cafes,tourist_facilities",food,,,opentripmap,indoor,0.92,indoor kind/title signal,2,indoor
otm:N4287339815,Ульяновск,Гончаровъ,"foods,cafes,tourist_facilities",food,,,opentripmap,indoor,0.92,indoor kind/title signal,2,indoor
otm:N3950407397,Ульяновск,Гопак,"foods,cafes,tourist_facilities",food,,,opentripmap,indoor,0.92,indoor kind/title signal,2,indoor
otm:N5991125682,Ульяновск,Гурман,"foods,cafes,tourist_facilities",food,,,opentripmap,indoor,0.92,indoor kind/title signal,2,indoor
otm:N8819327890,Ульяновск,Гюсто,"foods,fast_food,tourist_facilities",food,,,opentripmap,indoor,0.92,indoor kind/title signal,2,indoor
otm:N4440020988,Ульяновск,Закусочная,"foods,cafes,tourist_facilities",food,,,opentripmap,indoor,0.92,indoor kind/title signal,2,indoor
otm:N5054524263,Ульяновск,Медведефф,"foods,cafes,tourist_facilities",food,,,opentripmap,indoor,0.92,indoor kind/title signal,2,indoor
otm:N5142768300,Ульяновск,Метро,"foods,bars,tourist_facilities",food,,,opentripmap,indoor,0.92,indoor kind/title signal,2,indoor
otm:N2441226241,Ульяновск,Россия,"foods,restaurants,tourist_facilities",food,,,opentripmap,indoor,0.92,indoor kind/title signal,2,indoor
otm:W264778705,Ульяновск,Столовая № 27,"foods,cafes,tourist_facilities",food,,,opentripmap,indoor,0.92,indoor kind/title signal,2,indoor
otm:N3805660962,Ульяновск,Сытный базар,"foods,cafes,tourist_facilities",food,,,opentripmap,indoor,0.92,indoor kind/title signal,2,indoor
otm:N3802463627,Ульяновск,Терем,"foods,cafes,tourist_facilities",food,,,opentripmap,indoor,0.92,indoor kind/title signal,2,indoor
otm:W292162551,Ульяновск,Шашлычная,"foods,cafes,tourist_facilities",food,,,opentripmap,indoor,0.92,indoor kind/title signal,2,indoor
kudago:22999,Уфа,GreenPlate,restaurants,food,"Отличное место для поклонников блюд на гриле, сочных гамбургеров, колбасок, картошки-фри, наггетсов и луковых колец в кляре. Все вкусно и быстро.",,kudago,indoor,0.92,indoor kind/title signal,2,indoor
kudago:19176,Уфа,Музей археологии и этнографии,museums,museum,"Музей археологии и этнографии — учреждение при Институте этнологических исследований им. Р. Г. Кузеева. Музей возник тогда, когда накопилось столько сведений об истории развития Южного Урала, что ими захотелось поделиться со всеми желающими и внести лепту в развитие общей образованности жителей региона.",пн–пт 10:00–17:00,kudago,indoor,0.92,indoor kind/title signal,2,indoor
kudago:19028,Уфа,антикафе Goodzone,anticafe,food,Уютное антикафе с мини-кинозалом и игровыми приставками.,"ежедневно 10:00–0:00, пт, сб 11:00–6:00",kudago,indoor,0.65,food category fallback,2,indoor
kudago:18968,Уфа,антикафе «Атмосфера»,anticafe,food,"В этом заведении фраза «время — деньги» приобретает свой, уникальный смысл. Популярный на сегодняшний день формат пространства, где бесплатно абсолютно все, кроме количества часов, проведенных в его стенах.","сб, вс 12:00–2:00, пн–пт 12:00–0:00",kudago,indoor,0.65,food category fallback,2,indoor
kudago:22305,Уфа,бар BeerTraktir,"restaurants,bar",food,"Несмотря на название, это заведение больше похоже на уютное кафе для романтических свиданий, чем на брутальный трактир.",ежедневно весь день,kudago,indoor,0.92,indoor kind/title signal,2,indoor
kudago:18764,Уфа,бар Tema Bar,"restaurants,bar",food,"Tema Bar — шумное и веселое заведение, которое в любой день недели готово открыть свои двери для посетителей, причем круглосуточно. Помимо ночных вечеринок заведение принимает гостей и днем. В дневное время здесь можно насладиться приятными коктейлями и разноплановой кухней. Ну и, конечно же, Wi–Fi — само собой.",ежедневно 10:00–2:00,kudago,indoor,0.92,indoor kind/title signal,2,indoor
kudago:22303,Уфа,бар Темаbar,"restaurants,bar",food,"Это заведение для молодых и энергичных — здесь всегда что-то происходит: музыка, вечеринки, танцы, конкурсы, диджеи… Одним словом, заскучать в этом баре точно не получится!",ежедневно 10:00–2:00,kudago,indoor,0.92,indoor kind/title signal,2,indoor
kudago:21988,Уфа,ирландский паб Dublin,"restaurants,bar",food,"Завсегдатаи считают это место чуть ли не своим вторым домом: здесь посетители встречаются с друзьями, играют в дартс, смотрят трансляции спортивных матчей. И все это – в традиционном ирландском интерьере и под вкусную еду.",ежедневно 10:00–2:00,kudago,indoor,0.92,indoor kind/title signal,2,indoor
kudago:19027,Уфа,кафе «Встреча»,restaurants,food,"Банкетные залы, летние террасы и беседки.",работает под банкеты,kudago,indoor,0.92,indoor kind/title signal,2,indoor
kudago:20424,Уфа,кафе «Печной дом»,restaurants,food,"Летняя терраса с блюдами, приготовленными на углях.",,kudago,indoor,0.92,indoor kind/title signal,2,indoor
kudago:19042,Уфа,кафе «Престиж»,restaurants,food,Недорогое кафе в Зеленой роще больше всего подходит для небольших торжеств и банкетов.,пн–вс с 11:00 до последнего клиента,kudago,indoor,0.92,indoor kind/title signal,2,indoor
kudago:18997,Уфа,кафе-мороженое «Баскин Роббинс»,restaurants,food,Семейное заведение с большим ассортиментом мороженого.,ежедневно 10:00–22:00,kudago,indoor,0.92,indoor kind/title signal,2,indoor
kudago:18763,Уфа,парк Победы,"kids,park,attractions,sights",walk,"Один из красивейших уголков города Уфы — мемориальный комплекс победы в Великой Отечественной войне — Парк Победы. Он привлекателен как для жителей, так и для гостей города. Здесь проводятся все самые массовые народные гуляния. Парк пользуется популярностью среди выпускников школ и молодоженов.",ежедневно весь день,kudago,outdoor,0.78,outdoor kind/title signal,2,outdoor
kudago:19312,Уфа,парк имени Ленина,"park,attractions",walk,"Своему появлению парк обязан бывшему губернатору Уфы — Сергею Петровичу Ушакову, который в шестидесятые годы позапрошлого века предложил бывшее пастбище для выгула скота облагородить, превратив его в парк.",ул. Заки Валиди/ул. Советская,kudago,outdoor,0.78,outdoor kind/title signal,2,outdoor
kudago:21395,Уфа,ресторан De Marko,restaurants,food,Стильный ресторан с большим выбором авторских блюд из мяса и птицы.,ежедневно 12:00–23:00,kudago,indoor,0.92,indoor kind/title signal,2,indoor
kudago:19167,Уфа,ресторан «Агидель»,"restaurants,inn",food,Ресторан европейской и башкирской кухни при гостинице в центре Уфы.,ежедневно 11:00–23:59,kudago,indoor,0.92,indoor kind/title signal,2,indoor
kudago:19024,Уфа,ресторан «Арагви»,restaurants,food,Грузинская кухня в аутентичном интерьере.,ежедневно 10:00–23:00,kudago,indoor,0.92,indoor kind/title signal,2,indoor
kudago:18927,Уфа,ресторан «Гости» (Уфа),restaurants,food,Сеть домашних ресторанчиков на каждый день с недорогой едой и уютной обстановкой.,"пт, сб 10:00–2:00, пн–чт, вс 10:00–0:00",kudago,indoor,0.92,indoor kind/title signal,2,indoor
kudago:18798,Уфа,ресторан «Кизил»,restaurants,food,Ресторан «Кизил» по праву считается одним из самых самобытных заведений Уфы. Главной изюминкой являются авторские блюда из баранины. При этом традиционная кухня Азербайджана сочетается с рецептами других стран и культур. Здесь есть все для качественного отдыха и проведения различных мероприятий — от празднования свадеб до деловой конференции.,ежедневно 12:00–2:00,kudago,indoor,0.92,indoor kind/title signal,2,indoor
kudago:18738,Уфа,ресторан восточной кухни «Изюм»,restaurants,food,Атмосфера Востока и три вида национальных кухонь.,ежедневно 12:00–2:00,kudago,indoor,0.92,indoor kind/title signal,2,indoor
kudago:18704,Уфа,ресторан доставки «Василий»,restaurants,food,"Большой выбор итальянских, японских и китайских блюд.",ежедневно с 11:00—01:00,kudago,indoor,0.92,indoor kind/title signal,2,indoor
kudago:18787,Уфа,ресторан и бильярдный клуб Solo,"amusement,restaurants,bar",food,"Ресторан, бильярд, караоке и концерты в одном месте.","вс 12:00–2:00, пт, сб 12:00–4:00, пн–чт 12:00–2:00",kudago,indoor,0.92,indoor kind/title signal,2,indoor
kudago:18969,Уфа,центральный парк им. Гафури,"amusement,park,attractions",walk,"Главный городской парк пусть и не оснащен современными аттракционами, но тем не менее остается главным местом встреч и любимым парком отдыха горожан.",,kudago,outdoor,0.78,outdoor kind/title signal,2,outdoor
kudago:18757,Уфа,чайхана «Учкудук»,restaurants,food,Оплот узбекской культуры в Уфе с приличным шашлыком и восточными танцами.,"пн–ср, вс 12:00–0:00, чт–сб 12:00–2:00",kudago,indoor,0.92,indoor kind/title signal,2,indoor
